AthlncRNA301,22328551,1
AthlncRNA227,22328551,1
AthlncRNA148,22328551,1
AthlncRNA148,15224217,1
AthlncRNA94,22328551,1
AthlncRNA148,15223768,1
AthlncRNA301,15223768,1
AthlncRNA148,15228098,1
AthlncRNA301,15229884,1
AthlncRNA74,22328551,1
AthlncRNA193,15223768,1
AthlncRNA301,15228098,1
AthlncRNA94,15223768,1
AthlncRNA301,15218779,1
AthlncRNA301,79320777,1
AthlncRNA94,15224217,1
AthlncRNA301,15224217,1
AthlncRNA148,15224366,1
AthlncRNA110,22328551,1
AthlncRNA193,22328551,1
AthlncRNA301,15226605,1
AthlncRNA301,15241028,1
AthlncRNA227,15228098,1
AthlncRNA129,22328551,1
AthlncRNA301,15224366,1
AthlncRNA148,22330665,1
AthlncRNA148,79320777,1
AthlncRNA148,15218779,1
AthlncRNA148,30682553,1
AthlncRNA148,15227722,1
AthlncRNA148,30678085,1
AthlncRNA227,15224366,1
AthlncRNA129,15223768,1
AthlncRNA301,30678085,1
AthlncRNA301,15227722,1
AthlncRNA301,30680456,1
AthlncRNA148,15229884,1
AthlncRNA301,18398061,1
AthlncRNA74,15223768,1
AthlncRNA215,22328551,1
AthlncRNA194,15223768,1
AthlncRNA227,15229884,1
AthlncRNA194,15224217,1
AthlncRNA227,30680456,1
AthlncRNA94,15229884,1
AthlncRNA302,22328551,1
AthlncRNA227,15223768,1
AthlncRNA148,15226605,1
AthlncRNA215,15223768,1
AthlncRNA172,22328551,1
AthlncRNA129,15227722,1
AthlncRNA129,30678085,1
AthlncRNA301,22330665,1
AthlncRNA301,30682553,1
AthlncRNA227,15224217,1
AthlncRNA227,22330665,1
AthlncRNA227,18398061,1
AthlncRNA282,15223768,1
AthlncRNA94,15227722,1
AthlncRNA148,22328624,1
AthlncRNA94,30678085,1
AthlncRNA193,15229884,1
AthlncRNA94,15224366,1
AthlncRNA301,18410591,1
AthlncRNA301,30694526,1
AthlncRNA301,30694529,1
AthlncRNA32,42572443,1
AthlncRNA32,15232459,1
AthlncRNA10,22328551,1
AthlncRNA236,22328551,1
AthlncRNA32,15223768,1
AthlncRNA227,22328624,1
AthlncRNA148,15232459,1
AthlncRNA148,42572443,1
AthlncRNA227,15218779,1
AthlncRNA227,79320777,1
AthlncRNA148,15229321,1
AthlncRNA32,15228098,1
AthlncRNA192,15229884,1
AthlncRNA302,15228098,1
AthlncRNA327,15224217,1
AthlncRNA148,15241028,1
AthlncRNA227,15226605,1
AthlncRNA148,15229743,1
AthlncRNA29,22328551,1
AthlncRNA229,15218779,1
AthlncRNA229,79320777,1
AthlncRNA301,22328624,1
AthlncRNA94,30694529,1
AthlncRNA94,30694526,1
AthlncRNA94,18410591,1
AthlncRNA301,15221761,1
AthlncRNA192,15224217,1
AthlncRNA193,15224366,1
AthlncRNA192,15223768,1
AthlncRNA148,42571149,1
AthlncRNA301,18400210,1
AthlncRNA282,22328551,1
AthlncRNA32,15224366,1
AthlncRNA148,15218972,1
AthlncRNA29,15229884,1
AthlncRNA377,15223768,1
AthlncRNA42,22328551,1
AthlncRNA314,22328551,1
AthlncRNA302,79320777,1
AthlncRNA94,15221761,1
AthlncRNA94,15218779,1
AthlncRNA302,15218779,1
AthlncRNA94,79320777,1
AthlncRNA218,22328551,1
AthlncRNA32,15233167,1
AthlncRNA148,30694526,1
AthlncRNA148,18410591,1
AthlncRNA301,15240641,1
AthlncRNA32,15221761,1
AthlncRNA227,15241028,1
AthlncRNA148,30694529,1
AthlncRNA227,15221761,1
AthlncRNA229,15223768,1
AthlncRNA32,15240641,1
AthlncRNA110,15229884,1
AthlncRNA215,15224217,1
AthlncRNA32,30682553,1
AthlncRNA251,22328551,1
AthlncRNA299,22328551,1
AthlncRNA301,15229743,1
AthlncRNA192,22328551,1
AthlncRNA167,22328551,1
AthlncRNA193,15224217,1
AthlncRNA110,15224366,1
AthlncRNA340,22328551,1
AthlncRNA148,18400210,1
AthlncRNA282,15228098,1
AthlncRNA282,15224217,1
AthlncRNA110,30694526,1
AthlncRNA110,18410591,1
AthlncRNA110,30694529,1
AthlncRNA227,18400210,1
AthlncRNA376,22328551,1
AthlncRNA313,22328551,1
AthlncRNA110,15224217,1
AthlncRNA236,15229884,1
AthlncRNA194,15224366,1
AthlncRNA42,15221761,1
AthlncRNA241,15229884,1
AthlncRNA354,30680456,1
AthlncRNA148,15240641,1
AthlncRNA32,15218972,1
AthlncRNA192,30680456,1
AthlncRNA194,15218779,1
AthlncRNA194,79320777,1
AthlncRNA377,15224217,1
AthlncRNA110,30680456,1
AthlncRNA282,15224366,1
AthlncRNA32,22328624,1
AthlncRNA29,15224217,1
AthlncRNA227,15229321,1
AthlncRNA215,15218779,1
AthlncRNA215,79320777,1
AthlncRNA192,18398061,1
AthlncRNA229,15224366,1
AthlncRNA32,15226605,1
AthlncRNA56,30694529,1
AthlncRNA56,30694526,1
AthlncRNA56,18410591,1
AthlncRNA271,22328551,1
AthlncRNA148,15234010,1
AthlncRNA74,15224217,1
AthlncRNA210,22328551,1
AthlncRNA302,15223768,1
AthlncRNA301,18423684,1
AthlncRNA94,18400210,1
AthlncRNA18,22328551,1
AthlncRNA32,18398061,1
AthlncRNA229,15224217,1
AthlncRNA293,22328551,1
AthlncRNA42,30680456,1
AthlncRNA148,15221761,1
AthlncRNA32,22329999,1
AthlncRNA129,15229884,1
AthlncRNA227,42571149,1
AthlncRNA354,18398061,1
AthlncRNA110,15223768,1
AthlncRNA56,30680456,1
AthlncRNA332,22328551,1
AthlncRNA193,15218779,1
AthlncRNA193,79320777,1
AthlncRNA238,30680456,1
AthlncRNA42,18398061,1
AthlncRNA52,22328551,1
AthlncRNA302,15229884,1
AthlncRNA227,15232459,1
AthlncRNA227,42572443,1
AthlncRNA301,79326195,1
AthlncRNA193,15226605,1
AthlncRNA74,15229884,1
AthlncRNA227,15233167,1
AthlncRNA110,15218779,1
AthlncRNA110,79320777,1
AthlncRNA74,15226605,1
AthlncRNA302,15226605,1
AthlncRNA260,22328551,1
AthlncRNA32,42571149,1
AthlncRNA215,15229884,1
AthlncRNA32,30680456,1
AthlncRNA300,22328551,1
AthlncRNA32,79326195,1
AthlncRNA302,15224217,1
AthlncRNA37,22328551,1
AthlncRNA192,18410591,1
AthlncRNA207,15218779,1
AthlncRNA207,79320777,1
AthlncRNA192,30694526,1
AthlncRNA192,30694529,1
AthlncRNA56,22328551,1
AthlncRNA129,30694526,1
AthlncRNA129,30694529,1
AthlncRNA129,18410591,1
AthlncRNA315,22328551,1
AthlncRNA94,15226605,1
AthlncRNA141,22328551,1
AthlncRNA32,15227722,1
AthlncRNA32,30678085,1
AthlncRNA110,18398061,1
AthlncRNA301,15234010,1
AthlncRNA56,18398061,1
AthlncRNA194,15227722,1
AthlncRNA238,18398061,1
AthlncRNA52,15224217,1
AthlncRNA194,30678085,1
AthlncRNA301,15229321,1
AthlncRNA282,15218779,1
AthlncRNA18,15223768,1
AthlncRNA282,79320777,1
AthlncRNA75,15223768,1
AthlncRNA192,79320777,1
AthlncRNA128,22328551,1
AthlncRNA192,15218779,1
AthlncRNA52,15223768,1
AthlncRNA229,22328551,1
AthlncRNA227,15229743,1
AthlncRNA227,18410591,1
AthlncRNA148,15237716,1
AthlncRNA227,30694529,1
AthlncRNA227,30694526,1
AthlncRNA32,15229743,1
AthlncRNA301,15218972,1
AthlncRNA193,15234010,1
AthlncRNA207,22328551,1
AthlncRNA241,22328551,1
AthlncRNA192,15227722,1
AthlncRNA192,30678085,1
AthlncRNA301,15233167,1
AthlncRNA64,22328551,1
AthlncRNA345,22328551,1
AthlncRNA193,15227722,1
AthlncRNA193,30678085,1
AthlncRNA227,30678085,1
AthlncRNA227,15227722,1
AthlncRNA14,22328551,1
AthlncRNA148,18398061,1
AthlncRNA32,18400210,1
AthlncRNA32,15237716,1
AthlncRNA301,42571149,1
AthlncRNA94,15229743,1
AthlncRNA229,15226605,1
AthlncRNA327,22328551,1
AthlncRNA74,15218779,1
AthlncRNA74,79320777,1
AthlncRNA227,18423684,1
AthlncRNA321,22328551,1
AthlncRNA352,79320777,1
AthlncRNA352,15218779,1
AthlncRNA64,15229884,1
AthlncRNA172,15229884,1
AthlncRNA129,15218779,1
AthlncRNA129,79320777,1
AthlncRNA314,15229884,1
AthlncRNA138,15228098,1
AthlncRNA42,18400210,1
AthlncRNA53,22329999,1
AthlncRNA2,22328551,1
AthlncRNA207,15223768,1
AthlncRNA94,42572443,1
AthlncRNA52,15218779,1
AthlncRNA52,79320777,1
AthlncRNA94,15232459,1
AthlncRNA148,30680456,1
AthlncRNA148,79326195,1
AthlncRNA129,15224366,1
AthlncRNA211,22328551,1
AthlncRNA29,30680456,1
AthlncRNA94,22328624,1
AthlncRNA302,15224366,1
AthlncRNA364,30680456,1
AthlncRNA32,15241028,1
AthlncRNA32,22330665,1
AthlncRNA282,15227722,1
AthlncRNA282,30678085,1
AthlncRNA94,30680456,1
AthlncRNA227,30682553,1
AthlncRNA32,30694529,1
AthlncRNA32,30694526,1
AthlncRNA32,18410591,1
AthlncRNA32,15234010,1
AthlncRNA247,15227722,1
AthlncRNA247,30678085,1
AthlncRNA247,15218779,1
AthlncRNA199,22328551,1
AthlncRNA247,79320777,1
AthlncRNA377,15218779,1
AthlncRNA377,79320777,1
AthlncRNA29,18410591,1
AthlncRNA98,22328551,1
AthlncRNA29,30694526,1
AthlncRNA256,15229884,1
AthlncRNA29,15223768,1
AthlncRNA29,30694529,1
AthlncRNA18,15224217,1
AthlncRNA148,18423684,1
AthlncRNA32,15224217,1
AthlncRNA327,15229884,1
AthlncRNA192,15224366,1
AthlncRNA207,30678085,1
AthlncRNA207,15227722,1
AthlncRNA138,15224217,1
AthlncRNA159,15218779,1
AthlncRNA159,79320777,1
AthlncRNA74,15227722,1
AthlncRNA74,30678085,1
AthlncRNA302,15233167,1
AthlncRNA301,15237716,1
AthlncRNA377,15227722,1
AthlncRNA377,30678085,1
AthlncRNA95,15224217,1
AthlncRNA373,22328551,1
AthlncRNA95,30694529,1
AthlncRNA236,30680456,1
AthlncRNA95,30694526,1
AthlncRNA95,18410591,1
AthlncRNA364,18398061,1
AthlncRNA138,15224366,1
AthlncRNA109,22328551,1
AthlncRNA29,18398061,1
AthlncRNA74,15241028,1
AthlncRNA211,30694529,1
AthlncRNA32,15218779,1
AthlncRNA211,18410591,1
AthlncRNA32,79320777,1
AthlncRNA211,30694526,1
AthlncRNA236,30694526,1
AthlncRNA236,30694529,1
AthlncRNA236,18410591,1
AthlncRNA301,42572443,1
AthlncRNA301,15232459,1
AthlncRNA346,15221761,1
AthlncRNA238,22328551,1
AthlncRNA113,22328551,1
AthlncRNA241,15218779,1
AthlncRNA79,22328551,1
AthlncRNA241,79320777,1
AthlncRNA94,79326195,1
AthlncRNA110,30678085,1
AthlncRNA110,15227722,1
AthlncRNA18,15227722,1
AthlncRNA18,30678085,1
AthlncRNA327,15223768,1
AthlncRNA23,22328551,1
AthlncRNA94,18398061,1
AthlncRNA155,22328551,1
AthlncRNA148,15233167,1
AthlncRNA138,15218779,1
AthlncRNA138,79320777,1
AthlncRNA328,22328551,1
AthlncRNA282,15226605,1
AthlncRNA301,22329999,1
AthlncRNA277,22328551,1
AthlncRNA282,15229884,1
AthlncRNA229,15227722,1
AthlncRNA229,30678085,1
AthlncRNA258,30680456,1
AthlncRNA18,79320777,1
AthlncRNA18,15218779,1
AthlncRNA321,30680456,1
AthlncRNA42,15232459,1
AthlncRNA42,42572443,1
AthlncRNA327,15224366,1
AthlncRNA247,15223768,1
AthlncRNA194,15226605,1
AthlncRNA75,79320777,1
AthlncRNA75,15218779,1
AthlncRNA327,79320777,1
AthlncRNA327,15218779,1
AthlncRNA129,15224217,1
AthlncRNA238,15229884,1
AthlncRNA110,15234010,1
AthlncRNA42,22329999,1
AthlncRNA94,22330665,1
AthlncRNA207,15224366,1
AthlncRNA194,15234010,1
AthlncRNA193,15241028,1
AthlncRNA320,22328551,1
AthlncRNA94,30682553,1
AthlncRNA352,15224217,1
AthlncRNA302,22330665,1
AthlncRNA64,30680456,1
AthlncRNA327,15241028,1
AthlncRNA204,22328551,1
AthlncRNA354,18410591,1
AthlncRNA354,30694529,1
AthlncRNA354,30694526,1
AthlncRNA74,15229321,1
AthlncRNA75,15224217,1
AthlncRNA227,15240641,1
AthlncRNA236,18398061,1
AthlncRNA95,22328551,1
AthlncRNA314,30680456,1
AthlncRNA129,15226605,1
AthlncRNA94,15241028,1
AthlncRNA207,15241028,1
AthlncRNA352,15223768,1
AthlncRNA256,22328551,1
AthlncRNA95,15218779,1
AthlncRNA95,79320777,1
AthlncRNA193,30680456,1
AthlncRNA258,18410591,1
AthlncRNA258,30694529,1
AthlncRNA258,30694526,1
AthlncRNA316,15227722,1
AthlncRNA316,30678085,1
AthlncRNA10,15229884,1
AthlncRNA376,30680456,1
AthlncRNA62,22328551,1
AthlncRNA354,22328551,1
AthlncRNA56,15221761,1
AthlncRNA215,15224366,1
AthlncRNA258,18398061,1
AthlncRNA194,18410591,1
AthlncRNA378,30694529,1
AthlncRNA378,30694526,1
AthlncRNA378,18410591,1
AthlncRNA129,30680456,1
AthlncRNA194,30694526,1
AthlncRNA194,30694529,1
AthlncRNA321,15229884,1
AthlncRNA94,15228098,1
AthlncRNA261,22328551,1
AthlncRNA316,15223768,1
AthlncRNA64,18398061,1
AthlncRNA193,18398061,1
AthlncRNA258,22329999,1
AthlncRNA302,15227722,1
AthlncRNA56,15229884,1
AthlncRNA302,30678085,1
AthlncRNA110,22329999,1
AthlncRNA241,18423684,1
AthlncRNA207,15224217,1
AthlncRNA215,15227722,1
AthlncRNA314,18398061,1
AthlncRNA215,30678085,1
AthlncRNA321,18398061,1
AthlncRNA21,42571149,1
AthlncRNA42,30694526,1
AthlncRNA261,30680456,1
AthlncRNA42,18410591,1
AthlncRNA42,30694529,1
AthlncRNA95,15223768,1
AthlncRNA302,15218972,1
AthlncRNA346,18400210,1
AthlncRNA193,15228098,1
AthlncRNA342,22328551,1
AthlncRNA18,15229884,1
AthlncRNA75,15227722,1
AthlncRNA238,22329999,1
AthlncRNA75,30678085,1
AthlncRNA377,15224366,1
AthlncRNA53,15221761,1
AthlncRNA192,18423684,1
AthlncRNA341,15221761,1
AthlncRNA42,15229884,1
AthlncRNA75,30694526,1
AthlncRNA75,30694529,1
AthlncRNA193,30694529,1
AthlncRNA193,30694526,1
AthlncRNA129,18400210,1
AthlncRNA75,18410591,1
AthlncRNA138,15223768,1
AthlncRNA241,30680456,1
AthlncRNA193,18410591,1
AthlncRNA238,30694529,1
AthlncRNA29,79320777,1
AthlncRNA238,18410591,1
AthlncRNA29,15218779,1
AthlncRNA238,30694526,1
AthlncRNA327,30678085,1
AthlncRNA376,18398061,1
AthlncRNA369,22328551,1
AthlncRNA327,15227722,1
AthlncRNA53,30694526,1
AthlncRNA53,18410591,1
AthlncRNA56,22329999,1
AthlncRNA53,30694529,1
AthlncRNA95,15227722,1
AthlncRNA95,30678085,1
AthlncRNA227,15234010,1
AthlncRNA293,30680456,1
AthlncRNA138,30678085,1
AthlncRNA138,15227722,1
AthlncRNA37,30680456,1
AthlncRNA253,22328551,1
AthlncRNA29,15224366,1
AthlncRNA192,15226605,1
AthlncRNA29,30678085,1
AthlncRNA29,15227722,1
AthlncRNA261,18398061,1
AthlncRNA269,22328551,1
AthlncRNA302,30682553,1
AthlncRNA64,30694526,1
AthlncRNA64,30694529,1
AthlncRNA64,18410591,1
AthlncRNA74,15234010,1
AthlncRNA74,15224366,1
AthlncRNA94,22329999,1
AthlncRNA341,22329999,1
AthlncRNA241,18398061,1
AthlncRNA52,15224366,1
AthlncRNA207,15226605,1
AthlncRNA302,15240641,1
AthlncRNA138,15232459,1
AthlncRNA271,15229884,1
AthlncRNA29,22329999,1
AthlncRNA138,42572443,1
AthlncRNA293,18398061,1
AthlncRNA129,15234010,1
AthlncRNA167,15229884,1
AthlncRNA110,79326195,1
AthlncRNA56,15227722,1
AthlncRNA56,18400210,1
AthlncRNA56,30678085,1
AthlncRNA247,15224217,1
AthlncRNA340,15229884,1
AthlncRNA42,15240641,1
AthlncRNA354,15229884,1
AthlncRNA110,15241028,1
AthlncRNA229,15241028,1
AthlncRNA18,15224366,1
AthlncRNA129,18398061,1
AthlncRNA110,18423684,1
AthlncRNA138,22330665,1
AthlncRNA210,79320777,1
AthlncRNA210,15218779,1
AthlncRNA125,22329999,1
AthlncRNA29,15229321,1
AthlncRNA126,22329999,1
AthlncRNA95,15229884,1
AthlncRNA194,15241028,1
AthlncRNA328,30694526,1
AthlncRNA328,30694529,1
AthlncRNA328,18410591,1
AthlncRNA94,15229321,1
AthlncRNA377,30694526,1
AthlncRNA75,15228098,1
AthlncRNA377,30694529,1
AthlncRNA377,18410591,1
AthlncRNA129,15221761,1
AthlncRNA21,15228098,1
AthlncRNA56,42572443,1
AthlncRNA56,15232459,1
AthlncRNA94,42571149,1
AthlncRNA110,15221761,1
AthlncRNA218,15229884,1
AthlncRNA167,15218779,1
AthlncRNA167,79320777,1
AthlncRNA296,15229743,1
AthlncRNA227,22329999,1
AthlncRNA37,18398061,1
AthlncRNA364,15229884,1
AthlncRNA94,15234010,1
AthlncRNA110,18400210,1
AthlncRNA341,30680456,1
AthlncRNA138,15226605,1
AthlncRNA18,30680456,1
AthlncRNA309,22328551,0
AthlncRNA324,22328551,1
AthlncRNA75,15224366,1
AthlncRNA302,15241028,1
AthlncRNA192,15229321,1
AthlncRNA172,30680456,1
AthlncRNA193,79326195,1
AthlncRNA193,18423684,1
AthlncRNA378,15229321,1
AthlncRNA261,18423684,1
AthlncRNA293,22329999,1
AthlncRNA352,15224366,1
AthlncRNA277,18410591,1
AthlncRNA277,30694526,1
AthlncRNA354,18423684,1
AthlncRNA373,30680456,1
AthlncRNA277,30694529,1
AthlncRNA218,79320777,1
AthlncRNA129,15229321,1
AthlncRNA277,30680456,1
AthlncRNA218,15218779,1
AthlncRNA193,22330665,1
AthlncRNA193,15229321,1
AthlncRNA42,18423684,1
AthlncRNA192,15241028,1
AthlncRNA110,15226605,1
AthlncRNA32,22328551,0
AthlncRNA192,79326195,1
AthlncRNA302,30680456,1
AthlncRNA282,15241028,1
AthlncRNA29,22328624,1
AthlncRNA172,18398061,1
AthlncRNA358,15229884,1
AthlncRNA277,15229884,1
AthlncRNA129,15229743,1
AthlncRNA29,18400210,1
AthlncRNA373,18398061,1
AthlncRNA341,18398061,1
AthlncRNA302,18398061,1
AthlncRNA110,22328624,1
AthlncRNA129,42572443,1
AthlncRNA95,15228098,1
AthlncRNA129,15232459,1
AthlncRNA32,18423684,1
AthlncRNA352,22328551,1
AthlncRNA98,22329999,1
AthlncRNA105,15218779,1
AthlncRNA105,79320777,1
AthlncRNA18,18398061,1
AthlncRNA64,22329999,1
AthlncRNA236,15229321,1
AthlncRNA346,42572443,1
AthlncRNA346,15232459,1
AthlncRNA277,22329999,1
AthlncRNA105,22328551,1
AthlncRNA167,15224217,1
AthlncRNA53,42572443,1
AthlncRNA53,15232459,1
AthlncRNA352,30678085,1
AthlncRNA352,15227722,1
AthlncRNA74,30680456,1
AthlncRNA327,15226605,1
AthlncRNA75,79326195,1
AthlncRNA207,15229884,1
AthlncRNA377,15241028,1
AthlncRNA37,15229884,1
AthlncRNA341,18400210,1
AthlncRNA192,22329999,1
AthlncRNA129,22329999,1
AthlncRNA346,15228098,1
AthlncRNA247,15224366,1
AthlncRNA78,15229884,1
AthlncRNA277,18398061,1
AthlncRNA229,15234010,1
AthlncRNA155,79320777,1
AthlncRNA270,22328551,1
AthlncRNA155,15218779,1
AthlncRNA52,30678085,1
AthlncRNA52,15227722,1
AthlncRNA352,15234010,1
AthlncRNA193,30682553,1
AthlncRNA53,18400210,1
AthlncRNA378,15229884,1
AthlncRNA376,15229884,1
AthlncRNA213,30678085,1
AthlncRNA213,15227722,1
AthlncRNA236,15227722,1
AthlncRNA236,30678085,1
AthlncRNA271,22329999,1
AthlncRNA215,15226605,1
AthlncRNA215,15229321,1
AthlncRNA29,15221761,1
AthlncRNA229,18423684,1
AthlncRNA377,15229884,1
AthlncRNA53,30680456,1
AthlncRNA258,15229884,1
AthlncRNA159,15223768,1
AthlncRNA74,18398061,1
AthlncRNA210,15229884,1
AthlncRNA215,15241028,1
AthlncRNA29,15226605,1
AthlncRNA346,30682553,1
AthlncRNA346,15237716,1
AthlncRNA159,30678085,1
AthlncRNA159,15227722,1
AthlncRNA282,22330665,1
AthlncRNA138,42571149,1
AthlncRNA260,15229884,1
AthlncRNA56,15223768,1
AthlncRNA236,15223768,1
AthlncRNA94,18423684,1
AthlncRNA53,18398061,1
AthlncRNA256,18423684,1
AthlncRNA110,15237716,1
AthlncRNA99,22329999,1
AthlncRNA316,22328551,1
AthlncRNA75,15232459,1
AthlncRNA75,42572443,1
AthlncRNA227,15218972,0
AthlncRNA271,30680456,1
AthlncRNA376,18400210,1
AthlncRNA302,42571149,1
AthlncRNA346,15233167,1
AthlncRNA172,15229321,1
AthlncRNA55,42571149,1
AthlncRNA302,22328624,1
AthlncRNA346,22328624,1
AthlncRNA210,15224217,1
AthlncRNA373,15229884,1
AthlncRNA42,79326195,1
AthlncRNA193,15229743,1
AthlncRNA282,15234010,1
AthlncRNA55,15228098,1
AthlncRNA377,15234010,1
AthlncRNA261,15229884,1
AthlncRNA55,15233167,1
AthlncRNA29,79326195,1
AthlncRNA241,15229321,1
AthlncRNA229,30680456,1
AthlncRNA204,15221761,1
AthlncRNA229,18398061,1
AthlncRNA376,18423684,1
AthlncRNA302,15229743,1
AthlncRNA319,22328551,0
AthlncRNA64,15229321,1
AthlncRNA138,15233167,1
AthlncRNA271,18398061,1
AthlncRNA32,15229884,0
AthlncRNA105,15224217,1
AthlncRNA376,30694529,1
AthlncRNA376,18410591,1
AthlncRNA376,30694526,1
AthlncRNA102,22328551,1
AthlncRNA95,15229321,1
AthlncRNA138,22328551,0
AthlncRNA12,15232459,1
AthlncRNA12,42572443,1
AthlncRNA18,18423684,1
AthlncRNA210,15241028,1
AthlncRNA296,15228098,1
AthlncRNA311,22328551,1
AthlncRNA236,79326195,1
AthlncRNA256,15218779,1
AthlncRNA256,79320777,1
AthlncRNA62,30694529,1
AthlncRNA309,15229321,1
AthlncRNA62,30694526,1
AthlncRNA62,18410591,1
AthlncRNA52,15234010,1
AthlncRNA376,15221761,1
AthlncRNA129,15241028,1
AthlncRNA129,22328624,1
AthlncRNA261,79326195,1
AthlncRNA42,15229321,1
AthlncRNA129,15240641,1
AthlncRNA321,18423684,1
AthlncRNA74,22330665,1
AthlncRNA229,15229321,1
AthlncRNA296,79320777,1
AthlncRNA296,15218779,1
AthlncRNA354,22329999,1
AthlncRNA194,18423684,1
AthlncRNA105,15223768,1
AthlncRNA75,15237716,1
AthlncRNA194,15228098,1
AthlncRNA105,15234010,1
AthlncRNA99,15232459,1
AthlncRNA99,42572443,1
AthlncRNA313,22329999,1
AthlncRNA241,15223768,1
AthlncRNA159,15224217,1
AthlncRNA194,15232459,1
AthlncRNA194,42572443,1
AthlncRNA194,15218972,1
AthlncRNA210,15226605,1
AthlncRNA271,30694529,1
AthlncRNA309,15229884,1
AthlncRNA204,18400210,1
AthlncRNA238,15240641,1
AthlncRNA271,30694526,1
AthlncRNA271,18410591,1
AthlncRNA211,22329999,1
AthlncRNA346,42571149,1
AthlncRNA352,18423684,1
AthlncRNA282,15229321,1
AthlncRNA277,79326195,1
AthlncRNA282,15233167,1
AthlncRNA256,15229321,1
AthlncRNA56,22328624,1
AthlncRNA229,15229884,0
AthlncRNA95,79326195,1
AthlncRNA21,15233167,1
AthlncRNA218,15229321,1
AthlncRNA138,15229321,1
AthlncRNA55,42572443,1
AthlncRNA55,15232459,1
AthlncRNA352,15237716,1
AthlncRNA277,18423684,1
AthlncRNA377,15226605,1
AthlncRNA376,15240641,1
AthlncRNA306,42571149,1
AthlncRNA138,30682553,1
AthlncRNA105,15224366,1
AthlncRNA346,18398061,1
AthlncRNA302,15237716,1
AthlncRNA194,15237716,1
AthlncRNA129,22330665,1
AthlncRNA229,15228098,1
AthlncRNA236,15224217,1
AthlncRNA138,15218972,1
AthlncRNA110,15228098,1
AthlncRNA56,15224217,1
AthlncRNA75,15229743,1
AthlncRNA346,30680456,1
AthlncRNA296,15237716,1
AthlncRNA376,15229321,1
AthlncRNA56,79326195,1
AthlncRNA247,15234010,1
AthlncRNA210,15224366,1
AthlncRNA314,18423684,1
AthlncRNA194,22328551,0
AthlncRNA95,15234010,1
AthlncRNA306,15228098,1
AthlncRNA341,15232459,1
AthlncRNA341,42572443,1
AthlncRNA313,18423684,1
AthlncRNA53,79326195,1
AthlncRNA104,22328551,0
AthlncRNA369,79326195,1
AthlncRNA316,79320777,1
AthlncRNA316,15218779,1
AthlncRNA10,15229321,1
AthlncRNA167,15226605,1
AthlncRNA316,15224217,1
AthlncRNA314,15229321,1
AthlncRNA376,22328624,1
AthlncRNA94,15240641,1
AthlncRNA376,15237716,1
AthlncRNA42,15229743,1
AthlncRNA56,15229321,1
AthlncRNA296,30682553,1
AthlncRNA211,18423684,1
AthlncRNA354,15240641,1
AthlncRNA296,15227722,1
AthlncRNA296,30678085,1
AthlncRNA346,15218972,1
AthlncRNA204,18423684,1
AthlncRNA352,79326195,1
AthlncRNA296,15223768,1
AthlncRNA207,22330665,1
AthlncRNA75,15229884,1
AthlncRNA282,30682553,1
AthlncRNA128,18423684,1
AthlncRNA74,22328624,1
AthlncRNA354,15237716,1
AthlncRNA75,30682553,1
AthlncRNA74,15228098,1
AthlncRNA335,22329999,1
AthlncRNA42,42571149,1
AthlncRNA75,22328551,0
AthlncRNA172,15240641,1
AthlncRNA42,22328624,1
AthlncRNA129,15228098,1
AthlncRNA321,79326195,1
AthlncRNA282,42571149,1
AthlncRNA369,18400210,1
AthlncRNA218,15228098,1
AthlncRNA218,18423684,1
AthlncRNA246,79326195,1
AthlncRNA256,30680456,1
AthlncRNA213,15223768,1
AthlncRNA377,15228098,1
AthlncRNA260,22330665,1
AthlncRNA258,79326195,1
AthlncRNA364,22329999,1
AthlncRNA256,18398061,1
AthlncRNA75,18400210,1
AthlncRNA296,15240641,1
AthlncRNA218,15241028,1
AthlncRNA210,18423684,1
AthlncRNA21,15240641,1
AthlncRNA22,15228098,1
AthlncRNA210,15223768,1
AthlncRNA222,15218779,1
AthlncRNA222,79320777,1
AthlncRNA42,22330665,1
AthlncRNA346,79326195,1
AthlncRNA316,15224366,1
AthlncRNA218,15224217,1
AthlncRNA346,15229321,1
AthlncRNA56,15224366,1
AthlncRNA369,15227722,1
AthlncRNA369,30678085,1
AthlncRNA341,15240641,1
AthlncRNA241,22329999,1
AthlncRNA222,22328624,1
AthlncRNA167,15223768,1
AthlncRNA377,15229321,1
AthlncRNA22,15229743,1
AthlncRNA22,15240641,1
AthlncRNA284,15237716,1
AthlncRNA369,15221761,1
AthlncRNA241,15224217,1
AthlncRNA22,42571149,1
AthlncRNA207,22329999,1
AthlncRNA282,79326195,1
AthlncRNA261,30682553,1
AthlncRNA95,42571149,1
AthlncRNA246,22328551,0
AthlncRNA369,15223768,1
AthlncRNA346,18423684,1
AthlncRNA21,30682553,1
AthlncRNA369,30694526,1
AthlncRNA369,30694529,1
AthlncRNA369,18410591,1
AthlncRNA194,30680456,0
AthlncRNA306,15233167,1
AthlncRNA296,22330665,1
AthlncRNA369,42572443,1
AthlncRNA369,15232459,1
AthlncRNA241,15226605,1
AthlncRNA53,15240641,1
AthlncRNA194,18398061,0
AthlncRNA241,15224366,1
AthlncRNA376,42571149,1
AthlncRNA271,15240641,1
AthlncRNA104,79326195,1
AthlncRNA241,18410591,1
AthlncRNA241,30694526,1
AthlncRNA241,30694529,1
AthlncRNA241,15237716,0
AthlncRNA241,30678085,1
AthlncRNA126,79326195,0
AthlncRNA241,15227722,1
AthlncRNA125,79326195,1
AthlncRNA261,15240641,1
AthlncRNA376,30682553,1
AthlncRNA99,15221761,1
AthlncRNA241,15241028,1
AthlncRNA306,15229743,1
AthlncRNA99,22328551,0
AthlncRNA94,15218972,0
AthlncRNA74,15240641,1
AthlncRNA102,15237716,1
AthlncRNA29,15241028,0
AthlncRNA369,15229884,1
AthlncRNA55,15218972,1
AthlncRNA75,15221761,0
AthlncRNA284,15218972,1
AthlncRNA125,30694526,1
AthlncRNA125,18410591,1
AthlncRNA125,30694529,1
AthlncRNA126,30694529,0
AthlncRNA126,18410591,0
AthlncRNA126,30694526,0
AthlncRNA369,15240641,1
AthlncRNA335,22328551,0
AthlncRNA102,79326195,0
AthlncRNA138,15234010,0
AthlncRNA192,15234010,0
AthlncRNA12,15218972,1
AthlncRNA369,15237716,1
AthlncRNA302,15234010,0
AthlncRNA256,15237716,1
AthlncRNA369,15229743,1
AthlncRNA316,15229884,0
AthlncRNA102,18423684,1
AthlncRNA369,30682553,1
AthlncRNA126,30680456,0
AthlncRNA125,30680456,1
AthlncRNA129,15237716,0
AthlncRNA95,15224366,0
AthlncRNA369,22329999,1
AthlncRNA126,18398061,0
AthlncRNA125,18398061,1
AthlncRNA369,22330665,1
AthlncRNA129,79326195,0
AthlncRNA378,22328551,0
AthlncRNA53,22328551,0
AthlncRNA222,15218972,1
AthlncRNA194,15229321,0
AthlncRNA12,22328551,0
AthlncRNA346,15240641,0
AthlncRNA110,15229321,0
AthlncRNA346,22328551,0
AthlncRNA227,15237716,0
AthlncRNA193,15237716,0
AthlncRNA104,15237716,0
AthlncRNA296,15224366,0
AthlncRNA194,15229884,0
AthlncRNA258,22328551,0
AthlncRNA302,42572443,0
AthlncRNA302,15232459,0
AthlncRNA74,18423684,0
AthlncRNA138,15229884,0
AthlncRNA126,22328551,0
AthlncRNA104,18423684,0
AthlncRNA256,15241028,0
AthlncRNA78,22328551,0
AthlncRNA125,22328551,0
AthlncRNA346,15229743,0
AthlncRNA18,15241028,0
AthlncRNA377,22328551,0
AthlncRNA256,22329999,0
AthlncRNA296,22328551,0
AthlncRNA29,30682553,0
AthlncRNA306,22328551,0
AthlncRNA110,15240641,0
AthlncRNA256,15223768,0
AthlncRNA94,15237716,0
AthlncRNA194,79326195,0
AthlncRNA75,15226605,0
AthlncRNA42,15218972,0
AthlncRNA75,15234010,0
AthlncRNA105,15226605,0
AthlncRNA377,79326195,0
AthlncRNA75,42571149,0
AthlncRNA222,22328551,0
AthlncRNA129,15218972,0
AthlncRNA293,15229884,0
AthlncRNA75,15218972,0
AthlncRNA227,79326195,0
AthlncRNA29,18423684,0
AthlncRNA32,15229321,0
AthlncRNA75,15229321,0
AthlncRNA194,22329999,0
AthlncRNA42,15237716,0
AthlncRNA256,15224217,0
AthlncRNA18,15226605,0
AthlncRNA256,15226605,0
AthlncRNA110,30682553,0
AthlncRNA94,15233167,0
AthlncRNA21,22328551,0
AthlncRNA302,18423684,0
AthlncRNA74,15218972,0
AthlncRNA256,15224366,0
AthlncRNA52,15226605,0
AthlncRNA99,18400210,0
AthlncRNA29,15228098,0
AthlncRNA167,15224366,0
AthlncRNA369,15224366,0
AthlncRNA218,15224366,0
AthlncRNA29,15234010,0
AthlncRNA55,22328551,0
AthlncRNA193,42571149,0
AthlncRNA319,79326195,0
AthlncRNA313,15229884,0
AthlncRNA346,15229884,0
AthlncRNA138,15237716,0
AthlncRNA247,15229884,0
AthlncRNA211,15229884,0
AthlncRNA207,15234010,0
AthlncRNA52,15241028,0
AthlncRNA369,15218972,0
AthlncRNA218,15223768,0
AthlncRNA55,15240641,0
AthlncRNA296,42571149,0
AthlncRNA207,15229321,0
AthlncRNA364,22328551,0
AthlncRNA296,15218972,0
AthlncRNA193,18400210,0
AthlncRNA138,15241028,0
AthlncRNA296,18423684,0
AthlncRNA369,18423684,0
AthlncRNA376,22329999,0
AthlncRNA110,15229743,0
AthlncRNA194,22330665,0
AthlncRNA159,22328551,0
AthlncRNA210,15234010,0
AthlncRNA341,22328551,0
AthlncRNA110,22330665,0
AthlncRNA125,15229884,0
AthlncRNA126,15229884,0
AthlncRNA42,30682553,0
AthlncRNA332,15229884,0
AthlncRNA129,18423684,0
AthlncRNA56,15218779,0
AthlncRNA56,79320777,0
AthlncRNA296,15229884,0
AthlncRNA56,15240641,0
AthlncRNA321,22329999,0
AthlncRNA215,79326195,0
AthlncRNA74,79326195,0
AthlncRNA56,18423684,0
AthlncRNA128,15229884,0
AthlncRNA215,15234010,0
AthlncRNA256,18410591,0
AthlncRNA256,30694526,0
AthlncRNA256,30694529,0
AthlncRNA215,18423684,0
AthlncRNA75,15241028,0
AthlncRNA236,15224366,0
AthlncRNA37,22329999,0
AthlncRNA213,22328551,0
AthlncRNA346,22330665,0
AthlncRNA346,22329999,0
AthlncRNA52,15229884,0
AthlncRNA110,42572443,0
AthlncRNA354,15229321,0
AthlncRNA110,15232459,0
AthlncRNA247,15226605,0
AthlncRNA316,79326195,0
AthlncRNA229,22330665,0
AthlncRNA316,15237716,0
AthlncRNA29,42572443,0
AthlncRNA29,15232459,0
AthlncRNA215,15228098,0
AthlncRNA53,15229884,0
AthlncRNA194,15221761,0
AthlncRNA95,15226605,0
AthlncRNA21,15229743,0
AthlncRNA311,22329999,0
AthlncRNA105,15227722,0
AthlncRNA296,15234010,0
AthlncRNA105,30678085,0
AthlncRNA55,30682553,0
AthlncRNA193,15221761,0
AthlncRNA377,15237716,0
AthlncRNA193,22328624,0
AthlncRNA261,15237716,0
AthlncRNA74,15229743,0
AthlncRNA129,30682553,0
AthlncRNA148,22329999,0
AthlncRNA358,22328551,0
AthlncRNA352,15226605,0
AthlncRNA95,22329999,0
AthlncRNA29,15233167,0
AthlncRNA104,22329999,0
AthlncRNA192,15237716,0
AthlncRNA110,42571149,0
AthlncRNA22,30682553,0
AthlncRNA213,15224217,0
AthlncRNA138,22328624,0
AthlncRNA29,15240641,0
AthlncRNA246,15229884,0
AthlncRNA95,30682553,0
AthlncRNA37,79326195,0
AthlncRNA215,22330665,0
AthlncRNA204,22329999,0
AthlncRNA369,15224217,0
AthlncRNA229,15237716,0
AthlncRNA194,15240641,0
AthlncRNA236,18423684,0
AthlncRNA327,22330665,0
AthlncRNA192,22330665,0
AthlncRNA18,22330665,0
AthlncRNA319,15218972,1
AthlncRNA296,15224217,0
AthlncRNA167,15241028,0
AthlncRNA247,22328551,0
AthlncRNA256,30678085,0
AthlncRNA256,15227722,0
AthlncRNA236,79320777,0
AthlncRNA236,15218779,0
AthlncRNA29,15218972,0
AthlncRNA352,15241028,0
AthlncRNA311,79326195,0
AthlncRNA261,22329999,0
AthlncRNA341,15229884,0
AthlncRNA229,79326195,0
AthlncRNA241,15234010,0
AthlncRNA199,15229884,0
AthlncRNA18,15234010,0
AthlncRNA258,18423684,0
AthlncRNA75,22330665,0
AthlncRNA369,15234010,0
AthlncRNA55,15221761,0
AthlncRNA29,22330665,0
AthlncRNA296,15241028,0
AthlncRNA284,18423684,0
AthlncRNA319,22329999,0
AthlncRNA56,15234010,0
AthlncRNA22,22328551,0
AthlncRNA75,22328624,0
AthlncRNA138,18423684,0
AthlncRNA316,22330665,0
AthlncRNA314,22329999,0
AthlncRNA95,15241028,0
AthlncRNA104,15229884,0
AthlncRNA302,15229321,0
AthlncRNA95,22330665,0
AthlncRNA105,15228098,0
AthlncRNA296,15226605,0
AthlncRNA193,15233167,0
AthlncRNA98,15229884,0
AthlncRNA18,15229321,0
AthlncRNA75,22329999,0
AthlncRNA102,22329999,0
AthlncRNA352,15229884,0
AthlncRNA341,22328624,0
AthlncRNA194,30682553,0
AthlncRNA75,18423684,0
AthlncRNA110,15233167,0
AthlncRNA210,15237716,0
AthlncRNA319,15237716,0
AthlncRNA296,18398061,0
AthlncRNA369,79320777,0
AthlncRNA377,15218972,0
AthlncRNA369,15218779,0
AthlncRNA316,15234010,0
AthlncRNA23,22329999,0
AthlncRNA138,18398061,0
AthlncRNA138,30680456,0
AthlncRNA138,15240641,0
AthlncRNA110,15218972,0
AthlncRNA102,15229884,0
AthlncRNA53,18423684,0
AthlncRNA296,30680456,0
AthlncRNA296,15229321,0
AthlncRNA207,15228098,0
AthlncRNA193,15240641,0
AthlncRNA282,15218972,0
AthlncRNA282,22328624,0
AthlncRNA282,30680456,0
AthlncRNA194,15233167,0
AthlncRNA277,15229321,0
AthlncRNA238,15221761,0
AthlncRNA369,22328624,0
AthlncRNA369,30680456,0
AthlncRNA236,15234010,0
AthlncRNA53,15237716,0
AthlncRNA306,30682553,0
AthlncRNA29,15229743,0
AthlncRNA316,15240641,0
AthlncRNA316,42572443,0
AthlncRNA316,15232459,0
AthlncRNA64,79326195,0
AthlncRNA327,15228098,0
AthlncRNA52,18423684,0
AthlncRNA159,15224366,0
AthlncRNA277,15237716,0
AthlncRNA369,15228098,0
AthlncRNA218,30680456,0
AthlncRNA52,22330665,0
AthlncRNA222,18423684,0
AthlncRNA105,15229884,0
AthlncRNA75,15233167,0
AthlncRNA306,15240641,0
AthlncRNA282,18398061,0
AthlncRNA192,30682553,0
AthlncRNA74,15237716,0
AthlncRNA229,30682553,0
AthlncRNA12,22329999,0
AthlncRNA369,18398061,0
AthlncRNA193,22329999,0
AthlncRNA138,15221761,0
AthlncRNA55,22328624,0
AthlncRNA238,15229321,0
AthlncRNA64,18423684,0
AthlncRNA53,22328624,0
AthlncRNA193,15218972,0
AthlncRNA376,79326195,0
AthlncRNA236,15226605,0
AthlncRNA369,15229321,0
AthlncRNA352,15228098,0
AthlncRNA37,18423684,0
AthlncRNA346,15241028,0
AthlncRNA296,79326195,0
AthlncRNA218,15226605,0
AthlncRNA155,15224217,0
AthlncRNA352,15229743,0
AthlncRNA56,15241028,0
AthlncRNA376,22330665,0
AthlncRNA210,22330665,0
AthlncRNA378,30680456,0
AthlncRNA56,15229743,0
AthlncRNA18,15237716,0
AthlncRNA377,22330665,0
AthlncRNA22,15233167,0
AthlncRNA222,15229321,0
AthlncRNA327,18423684,0
AthlncRNA284,15240641,0
AthlncRNA218,18398061,0
AthlncRNA74,15233167,0
AthlncRNA296,15233167,0
AthlncRNA373,79326195,0
AthlncRNA21,15218972,0
AthlncRNA271,18423684,0
AthlncRNA159,15229884,0
AthlncRNA95,15218972,0
AthlncRNA42,15233167,0
AthlncRNA167,18423684,0
AthlncRNA52,15228098,0
AthlncRNA238,18400210,0
AthlncRNA193,15232459,0
AthlncRNA193,42572443,0
AthlncRNA236,15241028,0
AthlncRNA354,15221761,0
AthlncRNA271,15229321,0
AthlncRNA311,15229884,0
AthlncRNA236,22330665,0
AthlncRNA299,15229884,0
AthlncRNA316,18423684,0
AthlncRNA376,15232459,0
AthlncRNA376,42572443,0
AthlncRNA167,30680456,0
AthlncRNA378,18398061,0
AthlncRNA95,15229743,0
AthlncRNA74,30682553,0
AthlncRNA213,15224366,0
AthlncRNA99,18423684,0
AthlncRNA215,30682553,0
AthlncRNA306,15229321,0
AthlncRNA215,30680456,0
AthlncRNA271,18400210,0
AthlncRNA319,15229884,0
AthlncRNA215,18398061,0
AthlncRNA346,79320777,0
AthlncRNA346,15218779,0
AthlncRNA352,30682553,0
AthlncRNA246,22329999,0
AthlncRNA64,15240641,0
AthlncRNA271,15221761,0
AthlncRNA55,15229743,0
AthlncRNA316,15241028,0
AthlncRNA55,18400210,0
AthlncRNA302,15221761,0
AthlncRNA376,15226605,0
AthlncRNA376,15233167,0
AthlncRNA75,15240641,0
AthlncRNA207,18423684,0
AthlncRNA167,15234010,0
AthlncRNA167,15228098,0
AthlncRNA210,30678085,0
AthlncRNA210,15227722,0
AthlncRNA247,15228098,0
AthlncRNA194,18400210,0
AthlncRNA155,15223768,0
AthlncRNA138,18400210,0
AthlncRNA296,22328624,0
AthlncRNA18,22329999,0
AthlncRNA75,18398061,0
AthlncRNA53,15229321,0
AthlncRNA167,18398061,0
AthlncRNA75,30680456,0
AthlncRNA56,15218972,0
AthlncRNA376,15228098,0
AthlncRNA296,18400210,0
AthlncRNA56,30682553,0
AthlncRNA369,42571149,0
AthlncRNA302,18400210,0
AthlncRNA207,15233167,0
AthlncRNA12,15221761,0
AthlncRNA327,15234010,0
AthlncRNA105,79326195,0
AthlncRNA95,15237716,0
AthlncRNA56,15226605,0
AthlncRNA352,22330665,0
AthlncRNA241,22330665,0
AthlncRNA222,15229884,0
AthlncRNA42,15228098,0
AthlncRNA321,30694526,0
AthlncRNA321,18410591,0
AthlncRNA321,30694529,0
AthlncRNA282,18423684,0
AthlncRNA314,15241028,0
AthlncRNA22,15229884,0
AthlncRNA29,15237716,0
AthlncRNA172,18423684,0
AthlncRNA376,15218972,0
AthlncRNA215,15237716,0
AthlncRNA284,15229884,0
AthlncRNA138,15229743,0
AthlncRNA341,15218972,0
AthlncRNA316,15229743,0
AthlncRNA194,15229743,0
AthlncRNA316,18410591,0
AthlncRNA316,30694526,0
AthlncRNA316,30694529,0
AthlncRNA238,18423684,0
AthlncRNA253,15229884,0
AthlncRNA128,30680456,0
AthlncRNA53,15218972,0
AthlncRNA261,18400210,0
AthlncRNA373,22329999,0
AthlncRNA74,42572443,0
AthlncRNA74,15232459,0
AthlncRNA316,18400210,0
AthlncRNA21,15229884,0
AthlncRNA222,15224366,0
AthlncRNA52,79326195,0
AthlncRNA261,15228098,0
AthlncRNA204,15229321,0
AthlncRNA261,42571149,0
AthlncRNA296,15221761,0
AthlncRNA167,15229321,0
AthlncRNA311,18423684,0
AthlncRNA21,22330665,0
AthlncRNA128,18398061,0
AthlncRNA194,22328624,0
AthlncRNA296,22329999,0
AthlncRNA376,15229743,0
AthlncRNA105,15241028,0
AthlncRNA211,79326195,0
AthlncRNA210,15228098,0
AthlncRNA74,42571149,0
AthlncRNA55,22329999,0
AthlncRNA247,15241028,0
AthlncRNA105,15237716,0
AthlncRNA229,15218972,0
AthlncRNA377,30682553,0
AthlncRNA21,15237716,0
AthlncRNA155,18423684,0
AthlncRNA138,22329999,0
AthlncRNA261,15221761,0
AthlncRNA29,42571149,0
AthlncRNA313,30680456,0
AthlncRNA352,15218972,0
AthlncRNA204,15229884,0
AthlncRNA78,30680456,0
AthlncRNA22,15218972,0
AthlncRNA313,79326195,0
AthlncRNA313,18398061,0
AthlncRNA207,22328624,0
AthlncRNA23,79326195,0
AthlncRNA316,15221761,0
AthlncRNA352,30694526,0
AthlncRNA352,18410591,0
AthlncRNA316,15226605,0
AthlncRNA352,30694529,0
AthlncRNA293,18423684,0
AthlncRNA316,30682553,0
AthlncRNA319,18400210,0
AthlncRNA302,79326195,0
AthlncRNA229,15229743,0
AthlncRNA42,15241028,0
AthlncRNA172,22329999,0
AthlncRNA236,22329999,0
AthlncRNA277,15240641,0
AthlncRNA313,15229321,0
AthlncRNA128,15229321,0
AthlncRNA56,15237716,0
AthlncRNA373,18423684,0
AthlncRNA241,79326195,0
AthlncRNA192,15228098,0
AthlncRNA369,15226605,0
AthlncRNA282,15229743,0
AthlncRNA192,22328624,0
AthlncRNA377,18423684,0
AthlncRNA21,15221761,0
AthlncRNA271,79326195,0
AthlncRNA21,22329999,0
AthlncRNA311,30694529,0
AthlncRNA210,15229321,0
AthlncRNA311,30694526,0
AthlncRNA56,22330665,0
AthlncRNA311,18410591,0
AthlncRNA341,15237716,0
AthlncRNA167,15227722,0
AthlncRNA167,30678085,0
AthlncRNA341,18423684,0
AthlncRNA204,15232459,0
AthlncRNA204,42572443,0
AthlncRNA319,18423684,0
AthlncRNA236,15237716,0
AthlncRNA56,15228098,0
AthlncRNA328,15229884,0
AthlncRNA159,18423684,0
AthlncRNA315,15229884,0
AthlncRNA222,15224217,0
AthlncRNA352,15229321,0
AthlncRNA155,15229884,0
AthlncRNA104,18410591,0
AthlncRNA284,22329999,0
AthlncRNA104,30694526,0
AthlncRNA22,15237716,0
AthlncRNA104,30694529,0
AthlncRNA18,79326195,0
AthlncRNA311,30680456,0
AthlncRNA128,22329999,0
AthlncRNA309,30680456,0
AthlncRNA12,15240641,0
AthlncRNA141,15229884,0
AthlncRNA78,18398061,0
AthlncRNA284,15228098,0
AthlncRNA341,15229321,0
AthlncRNA21,79326195,0
AthlncRNA341,18410591,0
AthlncRNA341,30694526,0
AthlncRNA341,30694529,0
AthlncRNA342,22329999,0
AthlncRNA296,15232459,0
AthlncRNA296,42572443,0
AthlncRNA236,15228098,0
AthlncRNA306,15229884,0
AthlncRNA311,18398061,0
AthlncRNA207,30682553,0
AthlncRNA99,79326195,0
AthlncRNA2,15229884,0
AthlncRNA215,18410591,0
AthlncRNA215,30694529,0
AthlncRNA215,30694526,0
AthlncRNA260,18423684,0
AthlncRNA284,22328551,0
AthlncRNA222,15228098,0
AthlncRNA159,15226605,0
AthlncRNA222,15240641,0
AthlncRNA192,15240641,0
AthlncRNA192,18400210,0
AthlncRNA109,15229884,0
AthlncRNA354,18400210,0
AthlncRNA324,15229884,0
AthlncRNA211,15229321,0
AthlncRNA105,15229321,0
AthlncRNA64,22330665,0
AthlncRNA99,15229884,0
AthlncRNA194,42571149,0
AthlncRNA99,15218972,0
AthlncRNA236,30682553,0
AthlncRNA37,15229321,0
AthlncRNA18,15218972,0
AthlncRNA74,18400210,0
AthlncRNA99,15240641,0
AthlncRNA204,15240641,0
AthlncRNA316,15229321,0
AthlncRNA55,15237716,0
AthlncRNA192,15218972,0
AthlncRNA352,30680456,0
AthlncRNA95,15233167,0
AthlncRNA319,30694529,0
AthlncRNA377,42571149,0
AthlncRNA319,18410591,0
AthlncRNA319,30694526,0
AthlncRNA306,15237716,0
AthlncRNA238,79326195,0
AthlncRNA309,18423684,0
AthlncRNA316,15218972,0
AthlncRNA354,79326195,0
AthlncRNA377,42572443,0
AthlncRNA213,15229884,0
AthlncRNA377,15232459,0
AthlncRNA18,22328624,0
AthlncRNA159,15241028,0
AthlncRNA354,15218972,0
AthlncRNA241,15240641,0
AthlncRNA55,15229321,0
AthlncRNA105,18423684,0
AthlncRNA95,15240641,0
AthlncRNA12,15229321,0
AthlncRNA129,42571149,0
AthlncRNA98,18423684,0
AthlncRNA207,18398061,0
AthlncRNA309,18398061,0
AthlncRNA53,15229743,0
AthlncRNA55,15229884,0
AthlncRNA129,15233167,0
AthlncRNA377,15229743,0
AthlncRNA282,15240641,0
AthlncRNA284,79326195,0
AthlncRNA159,15234010,0
AthlncRNA284,18398061,0
AthlncRNA218,15234010,0
AthlncRNA207,30680456,0
AthlncRNA284,30680456,0
AthlncRNA261,15218972,0
AthlncRNA352,18398061,0
AthlncRNA306,15218972,0
AthlncRNA126,18423684,0
AthlncRNA302,22329999,0
AthlncRNA316,22329999,0
AthlncRNA21,15229321,0
AthlncRNA377,18398061,0
AthlncRNA78,22329999,0
AthlncRNA377,30680456,0
AthlncRNA241,15218972,0
AthlncRNA204,22328624,0
AthlncRNA64,42571149,0
AthlncRNA346,15224217,0
AthlncRNA236,18400210,0
AthlncRNA354,22328624,0
AthlncRNA125,18423684,0
AthlncRNA229,30694529,0
AthlncRNA229,30694526,0
AthlncRNA229,18410591,0
AthlncRNA354,30682553,0
AthlncRNA55,79326195,0
AthlncRNA207,15218972,0
AthlncRNA342,15229884,0
AthlncRNA18,15228098,0
AthlncRNA218,79326195,0
AthlncRNA62,15229884,0
AthlncRNA319,15221761,0
AthlncRNA261,22328624,0
AthlncRNA21,42572443,0
AthlncRNA21,15232459,0
AthlncRNA364,18423684,0
AthlncRNA105,22329999,0
AthlncRNA218,15218972,0
AthlncRNA109,22329999,0
AthlncRNA95,30680456,0
AthlncRNA319,15240641,0
AthlncRNA211,15237716,0
AthlncRNA327,15229321,0
AthlncRNA256,15234010,0
AthlncRNA52,15229321,0
AthlncRNA74,15221761,0
AthlncRNA159,15229321,0
AthlncRNA327,18398061,0
AthlncRNA378,22329999,0
AthlncRNA18,30682553,0
AthlncRNA314,18410591,0
AthlncRNA314,30694526,0
AthlncRNA314,30694529,0
AthlncRNA341,79326195,0
AthlncRNA284,15218779,0
AthlncRNA346,15224366,0
AthlncRNA284,79320777,0
AthlncRNA271,15237716,0
AthlncRNA95,18400210,0
AthlncRNA52,15237716,0
AthlncRNA327,30680456,0
AthlncRNA218,30678085,0
AthlncRNA247,15218972,0
AthlncRNA218,15227722,0
AthlncRNA78,15229321,0
AthlncRNA204,79326195,0
AthlncRNA260,30680456,0
AthlncRNA99,30680456,0
AthlncRNA79,15229884,0
AthlncRNA376,15218779,0
AthlncRNA247,18423684,0
AthlncRNA376,79320777,0
AthlncRNA95,18398061,0
AthlncRNA222,22329999,0
AthlncRNA341,15229743,0
AthlncRNA204,18398061,0
AthlncRNA319,30682553,0
AthlncRNA37,15240641,0
AthlncRNA319,42572443,0
AthlncRNA319,15232459,0
AthlncRNA247,15229321,0
AthlncRNA222,15223768,0
AthlncRNA210,79326195,0
AthlncRNA14,15229884,0
AthlncRNA102,30694529,0
AthlncRNA102,30694526,0
AthlncRNA102,18410591,0
AthlncRNA12,15228098,0
AthlncRNA247,79326195,0
AthlncRNA258,15229321,0
AthlncRNA352,42572443,0
AthlncRNA95,18423684,0
AthlncRNA352,15232459,0
AthlncRNA251,15229884,0
AthlncRNA215,22328624,0
AthlncRNA105,22330665,0
AthlncRNA207,42571149,0
AthlncRNA306,15232459,0
AthlncRNA354,42571149,0
AthlncRNA306,42572443,0
AthlncRNA56,42571149,0
AthlncRNA21,18400210,0
AthlncRNA10,18423684,0
AthlncRNA236,22328624,0
AthlncRNA105,15218972,0
AthlncRNA319,15224366,0
AthlncRNA98,30680456,0
AthlncRNA229,15233167,0
AthlncRNA261,15229321,0
AthlncRNA316,15228098,0
AthlncRNA155,15224366,0
AthlncRNA64,15218972,0
AthlncRNA306,22330665,0
AthlncRNA99,18398061,0
AthlncRNA222,30678085,0
AthlncRNA210,30682553,0
AthlncRNA222,15227722,0
AthlncRNA238,15218972,0
AthlncRNA321,15237716,0
AthlncRNA105,30680456,0
AthlncRNA213,79320777,0
AthlncRNA213,15218779,0
AthlncRNA345,15229884,0
AthlncRNA204,30680456,0
AthlncRNA358,15229321,0
AthlncRNA52,15218972,0
AthlncRNA378,18423684,0
AthlncRNA104,30680456,0
AthlncRNA222,30680456,0
AthlncRNA42,15226605,0
AthlncRNA260,18398061,0
AthlncRNA229,22328624,0
AthlncRNA138,30694526,0
AthlncRNA138,30694529,0
AthlncRNA138,18410591,0
AthlncRNA23,15229884,0
AthlncRNA238,15237716,0
AthlncRNA314,79326195,0
AthlncRNA258,15237716,0
AthlncRNA218,22330665,0
AthlncRNA321,15229321,0
AthlncRNA271,15218972,0
AthlncRNA78,18423684,0
AthlncRNA74,22329999,0
AthlncRNA282,30694526,0
AthlncRNA364,79326195,0
AthlncRNA222,18398061,0
AthlncRNA282,30694529,0
AthlncRNA282,18410591,0
AthlncRNA105,18398061,0
AthlncRNA260,15229321,0
AthlncRNA167,15237716,0
AthlncRNA335,15229884,0
AthlncRNA328,18423684,0
AthlncRNA354,15229743,0
AthlncRNA319,15228098,0
AthlncRNA229,42571149,0
AthlncRNA319,15224217,0
AthlncRNA293,15229321,0
AthlncRNA218,15233167,0
AthlncRNA241,22328624,0
AthlncRNA167,15218972,0
AthlncRNA53,22330665,0
AthlncRNA215,22329999,0
AthlncRNA319,15223768,0
AthlncRNA328,22329999,0
AthlncRNA52,22329999,0
AthlncRNA260,79326195,0
AthlncRNA18,30694529,0
AthlncRNA18,18410591,0
AthlncRNA18,30694526,0
AthlncRNA309,79326195,0
AthlncRNA247,22330665,0
AthlncRNA12,15229884,0
AthlncRNA293,79326195,0
AthlncRNA246,18423684,0
AthlncRNA327,42571149,0
AthlncRNA352,22329999,0
AthlncRNA22,15229321,0
AthlncRNA167,22330665,0
AthlncRNA302,30694529,0
AthlncRNA302,18410591,0
AthlncRNA327,79326195,0
AthlncRNA302,30694526,0
AthlncRNA215,42571149,0
AthlncRNA53,15223768,0
AthlncRNA18,18400210,0
AthlncRNA260,15224217,0
AthlncRNA256,15218972,0
AthlncRNA246,30680456,0
AthlncRNA79,22329999,0
AthlncRNA215,15229743,0
AthlncRNA167,79326195,0
AthlncRNA218,15237716,0
AthlncRNA207,79326195,0
AthlncRNA53,30678085,0
AthlncRNA53,15227722,0
AthlncRNA346,15223768,0
AthlncRNA293,15240641,0
AthlncRNA300,22329999,0
AthlncRNA104,18398061,0
AthlncRNA99,22328624,0
AthlncRNA319,15234010,0
AthlncRNA340,15229321,0
AthlncRNA98,18398061,0
AthlncRNA102,30680456,0
AthlncRNA192,15221761,0
AthlncRNA306,15218779,0
AthlncRNA332,79326195,0
AthlncRNA306,79320777,0
AthlncRNA247,18398061,0
AthlncRNA53,42571149,0
AthlncRNA261,15229743,0
AthlncRNA364,15229321,0
AthlncRNA155,15227722,0
AthlncRNA155,22329999,0
AthlncRNA155,30678085,0
AthlncRNA311,15237716,0
AthlncRNA218,42571149,0
AthlncRNA64,18400210,0
AthlncRNA260,15226605,0
AthlncRNA246,18398061,0
AthlncRNA241,15228098,0
AthlncRNA211,30680456,0
AthlncRNA315,18423684,0
AthlncRNA369,15241028,0
AthlncRNA10,30680456,0
AthlncRNA335,79326195,0
AthlncRNA138,79326195,0
AthlncRNA271,15227722,0
AthlncRNA271,30678085,0
AthlncRNA320,15229884,0
AthlncRNA296,18410591,0
AthlncRNA256,15228098,0
AthlncRNA296,30694529,0
AthlncRNA296,30694526,0
AthlncRNA105,30682553,0
AthlncRNA261,22330665,0
AthlncRNA247,30680456,0
AthlncRNA104,15240641,0
AthlncRNA327,30682553,0
AthlncRNA74,30694526,0
AthlncRNA74,18410591,0
AthlncRNA236,15232459,0
AthlncRNA236,42572443,0
AthlncRNA74,30694529,0
AthlncRNA52,30694526,0
AthlncRNA52,30694529,0
AthlncRNA2,22329999,0
AthlncRNA52,18410591,0
AthlncRNA211,15221761,0
AthlncRNA378,79326195,0
AthlncRNA314,15240641,0
AthlncRNA55,15224366,0
AthlncRNA258,15221761,0
AthlncRNA53,15233167,0
AthlncRNA95,15221761,0
AthlncRNA192,15229743,0
AthlncRNA42,30678085,0
AthlncRNA346,15226605,0
AthlncRNA42,15227722,0
AthlncRNA210,15218972,0
AthlncRNA346,30694526,0
AthlncRNA346,30694529,0
AthlncRNA346,18410591,0
AthlncRNA21,22328624,0
AthlncRNA211,15234010,0
AthlncRNA218,22329999,0
AthlncRNA12,18400210,0
AthlncRNA172,22328624,0
AthlncRNA309,22329999,0
AthlncRNA159,79326195,0
AthlncRNA102,18398061,0
AthlncRNA64,15221761,0
AthlncRNA332,18423684,0
AthlncRNA316,42571149,0
AthlncRNA251,18423684,0
AthlncRNA104,18400210,0
AthlncRNA282,22329999,0
AthlncRNA314,15237716,0
AthlncRNA238,22328624,0
AthlncRNA341,22330665,0
AthlncRNA354,15241028,0
AthlncRNA23,18423684,0
AthlncRNA207,15229743,0
AthlncRNA207,18410591,0
AthlncRNA207,30694526,0
AthlncRNA207,30694529,0
AthlncRNA354,22330665,0
AthlncRNA102,18400210,0
AthlncRNA211,18398061,0
AthlncRNA222,15237716,0
AthlncRNA306,22328624,0
AthlncRNA222,15221761,0
AthlncRNA378,15237716,0
AthlncRNA42,15223768,0
AthlncRNA204,15228098,0
AthlncRNA253,22329999,0
AthlncRNA342,79326195,0
AthlncRNA102,15240641,0
AthlncRNA222,15226605,0
AthlncRNA218,30682553,0
AthlncRNA282,15237716,0
AthlncRNA10,18398061,0
AthlncRNA315,22329999,0
AthlncRNA236,15221761,0
AthlncRNA256,15240641,0
AthlncRNA155,15229321,0
AthlncRNA277,15218972,0
AthlncRNA125,15218972,0
AthlncRNA377,22329999,0
AthlncRNA141,18423684,0
AthlncRNA376,15241028,0
AthlncRNA324,79326195,0
AthlncRNA269,15229884,0
AthlncRNA229,42572443,0
AthlncRNA229,15232459,0
AthlncRNA159,15237716,0
AthlncRNA284,15224217,0
AthlncRNA247,15237716,0
AthlncRNA22,22330665,0
AthlncRNA222,15233167,0
AthlncRNA55,30694526,0
AthlncRNA55,30694529,0
AthlncRNA55,18410591,0
AthlncRNA99,15228098,0
AthlncRNA215,15218972,0
AthlncRNA42,15224217,0
AthlncRNA98,79326195,0
AthlncRNA126,15218972,0
AthlncRNA64,15237716,0
AthlncRNA222,15232459,0
AthlncRNA222,42572443,0
AthlncRNA321,15240641,0
AthlncRNA319,22330665,0
AthlncRNA282,42572443,0
AthlncRNA282,15232459,0
AthlncRNA102,15229321,0
AthlncRNA199,15229321,0
AthlncRNA159,15228098,0
AthlncRNA10,22329999,0
AthlncRNA64,42572443,0
AthlncRNA64,15232459,0
AthlncRNA21,30680456,0
AthlncRNA377,18400210,0
AthlncRNA21,18398061,0
AthlncRNA37,30694526,0
AthlncRNA332,15229321,0
AthlncRNA37,30694529,0
AthlncRNA300,15229884,0
AthlncRNA37,18410591,0
AthlncRNA99,30694529,0
AthlncRNA99,30694526,0
AthlncRNA324,18423684,0
AthlncRNA99,18410591,0
AthlncRNA53,30682553,0
AthlncRNA341,15228098,0
AthlncRNA104,30682553,0
AthlncRNA18,15221761,0
AthlncRNA284,15229321,0
AthlncRNA55,22330665,0
AthlncRNA284,15223768,0
AthlncRNA64,15241028,0
AthlncRNA105,30694529,0
AthlncRNA352,18400210,0
AthlncRNA299,15229321,0
AthlncRNA105,18410591,0
AthlncRNA105,30694526,0
AthlncRNA210,30680456,0
AthlncRNA306,22329999,0
AthlncRNA258,15218972,0
AthlncRNA204,15237716,0
AthlncRNA319,15218779,0
AthlncRNA341,30682553,0
AthlncRNA319,79320777,0
AthlncRNA12,22328624,0
AthlncRNA172,79326195,0
AthlncRNA256,22330665,0
AthlncRNA213,15234010,0
AthlncRNA260,22329999,0
AthlncRNA327,22328624,0
AthlncRNA241,30682553,0
AthlncRNA247,30682553,0
AthlncRNA352,15240641,0
AthlncRNA229,22329999,0
AthlncRNA155,15228098,0
AthlncRNA341,42571149,0
AthlncRNA10,30694529,0
AthlncRNA10,18410591,0
AthlncRNA10,30694526,0
AthlncRNA258,15224217,0
AthlncRNA311,15218972,0
AthlncRNA247,30694526,0
AthlncRNA247,30694529,0
AthlncRNA314,79320777,0
AthlncRNA314,15218779,0
AthlncRNA247,18410591,0
AthlncRNA12,79326195,0
AthlncRNA327,15229743,0
AthlncRNA64,15233167,0
AthlncRNA64,15224217,0
AthlncRNA377,22328624,0
AthlncRNA293,18410591,0
AthlncRNA293,30694529,0
AthlncRNA293,30694526,0
AthlncRNA373,15229321,0
AthlncRNA352,22328624,0
AthlncRNA18,15229743,0
AthlncRNA199,22329999,0
AthlncRNA37,15221761,0
AthlncRNA105,15229743,0
AthlncRNA258,15240641,0
AthlncRNA332,22329999,0
AthlncRNA53,15228098,0
AthlncRNA258,42572443,0
AthlncRNA258,15232459,0
AthlncRNA23,15237716,0
AthlncRNA210,18398061,0
AthlncRNA204,30682553,0
AthlncRNA218,22328624,0
AthlncRNA64,22328624,0
AthlncRNA23,30694526,0
AthlncRNA23,18410591,0
AthlncRNA23,30694529,0
AthlncRNA271,15223768,0
AthlncRNA377,15233167,0
AthlncRNA210,22329999,0
AthlncRNA199,18423684,0
AthlncRNA311,15240641,0
AthlncRNA62,22329999,0
AthlncRNA12,42571149,0
AthlncRNA192,42571149,0
AthlncRNA2,18423684,0
AthlncRNA213,15226605,0
AthlncRNA99,15229321,0
AthlncRNA215,15240641,0
AthlncRNA271,30682553,0
AthlncRNA320,22329999,0
AthlncRNA260,15228098,0
AthlncRNA95,15232459,0
AthlncRNA99,15218779,0
AthlncRNA99,79320777,0
AthlncRNA95,42572443,0
AthlncRNA260,30682553,0
AthlncRNA327,15233167,0
AthlncRNA284,15221761,0
AthlncRNA215,42572443,0
AthlncRNA215,15232459,0
AthlncRNA238,42571149,0
AthlncRNA241,18400210,0
AthlncRNA128,79326195,0
AthlncRNA306,15221761,0
AthlncRNA222,42571149,0
AthlncRNA159,22330665,0
AthlncRNA222,15234010,0
AthlncRNA18,15240641,0
AthlncRNA376,15223768,0
AthlncRNA236,15240641,0
AthlncRNA37,18400210,0
AthlncRNA99,22330665,0
AthlncRNA104,15229321,0
AthlncRNA253,18423684,0
AthlncRNA320,79326195,0
AthlncRNA369,15233167,0
AthlncRNA258,18400210,0
AthlncRNA354,79320777,0
AthlncRNA354,15218779,0
AthlncRNA126,15229321,0
AthlncRNA104,15218972,0
AthlncRNA284,15229743,0
AthlncRNA102,30682553,0
AthlncRNA21,18423684,0
AthlncRNA125,15229321,0
AthlncRNA155,15226605,0
AthlncRNA328,15229321,0
AthlncRNA284,18400210,0
AthlncRNA314,15224217,0
AthlncRNA271,22328624,0
AthlncRNA213,79326195,0
AthlncRNA125,15221761,0
AthlncRNA98,30694529,0
AthlncRNA98,30694526,0
AthlncRNA98,18410591,0
AthlncRNA12,30680456,0
AthlncRNA204,42571149,0
AthlncRNA377,15240641,0
AthlncRNA22,79326195,0
AthlncRNA261,15241028,0
AthlncRNA364,30694526,0
AthlncRNA364,18410591,0
AthlncRNA364,30694529,0
AthlncRNA316,30680456,0
AthlncRNA260,15218972,0
AthlncRNA314,15224366,0
AthlncRNA172,15228098,0
AthlncRNA204,15233167,0
AthlncRNA314,22330665,0
AthlncRNA376,15234010,0
AthlncRNA306,18400210,0
AthlncRNA126,15221761,0
AthlncRNA378,79320777,0
AthlncRNA378,15218779,0
AthlncRNA327,15237716,0
AthlncRNA211,18400210,0
AthlncRNA12,18398061,0
AthlncRNA236,15218972,0
AthlncRNA328,18398061,0
AthlncRNA55,79320777,0
AthlncRNA55,15218779,0
AthlncRNA109,18423684,0
AthlncRNA222,15229743,0
AthlncRNA377,15221761,0
AthlncRNA328,30680456,0
AthlncRNA358,22329999,0
AthlncRNA260,15223768,0
AthlncRNA238,30682553,0
AthlncRNA2,79326195,0
AthlncRNA342,18423684,0
AthlncRNA284,15232459,0
AthlncRNA284,42572443,0
AthlncRNA21,30678085,0
AthlncRNA21,15227722,0
AthlncRNA128,18410591,0
AthlncRNA229,15221761,0
AthlncRNA211,15240641,0
AthlncRNA128,30694526,0
AthlncRNA192,15232459,0
AthlncRNA128,30694529,0
AthlncRNA22,18423684,0
AthlncRNA192,42572443,0
AthlncRNA354,15226605,0
AthlncRNA199,30680456,0
AthlncRNA376,15224217,0
AthlncRNA22,79320777,0
AthlncRNA22,15218779,0
AthlncRNA207,42572443,0
AthlncRNA207,15232459,0
AthlncRNA260,15240641,0
AthlncRNA12,22330665,0
AthlncRNA222,30682553,0
AthlncRNA241,15221761,0
AthlncRNA207,15237716,0
AthlncRNA211,15224366,0
AthlncRNA21,15223768,0
AthlncRNA12,15237716,0
AthlncRNA218,30694529,0
AthlncRNA218,18410591,0
AthlncRNA218,30694526,0
AthlncRNA277,30682553,0
AthlncRNA126,15237716,0
AthlncRNA346,15234010,0
AthlncRNA258,15223768,0
AthlncRNA373,15240641,0
AthlncRNA241,42572443,0
AthlncRNA241,15232459,0
AthlncRNA172,22330665,0
AthlncRNA109,15229321,0
AthlncRNA62,15229321,0
AthlncRNA62,18398061,0
AthlncRNA261,30694526,0
AthlncRNA261,18410591,0
AthlncRNA261,30694529,0
AthlncRNA128,15237716,0
AthlncRNA378,15223768,0
AthlncRNA211,15218779,0
AthlncRNA99,30682553,0
AthlncRNA211,79320777,0
AthlncRNA211,15232459,0
AthlncRNA211,42572443,0
AthlncRNA316,18398061,0
AthlncRNA113,15229884,0
AthlncRNA62,30680456,0
AthlncRNA282,15221761,0
AthlncRNA125,15237716,0
AthlncRNA345,15229321,0
AthlncRNA256,22328624,0
AthlncRNA378,15224217,0
AthlncRNA55,15241028,0
AthlncRNA102,15218972,0
AthlncRNA104,15228098,0
AthlncRNA277,15221761,0
AthlncRNA358,18423684,0
AthlncRNA56,15233167,0
AthlncRNA155,30680456,0
AthlncRNA251,15229321,0
AthlncRNA215,18400210,0
AthlncRNA222,22330665,0
AthlncRNA270,15229884,0
AthlncRNA167,22329999,0
AthlncRNA284,30682553,0
AthlncRNA229,18400210,0
AthlncRNA141,22329999,0
AthlncRNA104,15221761,0
AthlncRNA222,30694529,0
AthlncRNA222,30694526,0
AthlncRNA314,15223768,0
AthlncRNA319,30678085,0
AthlncRNA199,18398061,0
AthlncRNA222,18410591,0
AthlncRNA319,15227722,0
AthlncRNA316,22328624,0
AthlncRNA22,18398061,0
AthlncRNA346,30678085,0
AthlncRNA2,15229321,0
AthlncRNA346,15227722,0
AthlncRNA311,15229321,0
AthlncRNA340,18423684,0
AthlncRNA53,15224366,0
AthlncRNA159,15218972,0
AthlncRNA293,15221761,0
AthlncRNA241,15229743,0
AthlncRNA260,15224366,0
AthlncRNA251,22329999,0
AthlncRNA345,18423684,0
AthlncRNA282,18400210,0
AthlncRNA167,30682553,0
AthlncRNA211,15218972,0
AthlncRNA102,15221761,0
AthlncRNA218,15229743,0
AthlncRNA309,15224217,0
AthlncRNA12,15233167,0
AthlncRNA99,42571149,0
AthlncRNA309,30694526,0
AthlncRNA313,30694526,0
AthlncRNA42,15224366,0
AthlncRNA309,30694529,0
AthlncRNA313,30694529,0
AthlncRNA309,18410591,0
AthlncRNA284,42571149,0
AthlncRNA222,15241028,0
AthlncRNA313,18410591,0
AthlncRNA159,30694529,0
AthlncRNA22,30680456,0
AthlncRNA159,30694526,0
AthlncRNA159,18410591,0
AthlncRNA284,30694526,0
AthlncRNA284,18410591,0
AthlncRNA23,15221761,0
AthlncRNA284,30694529,0
AthlncRNA79,18423684,0
AthlncRNA335,18423684,0
AthlncRNA155,18398061,0
AthlncRNA306,15223768,0
AthlncRNA327,15218972,0
AthlncRNA64,15228098,0
AthlncRNA364,15240641,0
AthlncRNA253,79326195,0
AthlncRNA271,15229743,0
AthlncRNA99,15237716,0
AthlncRNA22,15221761,0
AthlncRNA213,18423684,0
AthlncRNA271,22330665,0
AthlncRNA95,22328624,0
AthlncRNA321,15221761,0
AthlncRNA213,15241028,0
AthlncRNA172,15218972,0
AthlncRNA315,15237716,0
AthlncRNA213,15229321,0
AthlncRNA319,15229321,0
AthlncRNA21,79320777,0
AthlncRNA21,15218779,0
AthlncRNA284,15224366,0
AthlncRNA210,22328624,0
AthlncRNA207,15240641,0
AthlncRNA309,15240641,0
AthlncRNA64,79320777,0
AthlncRNA155,15241028,0
AthlncRNA64,15218779,0
AthlncRNA55,30680456,0
AthlncRNA22,42572443,0
AthlncRNA22,15232459,0
AthlncRNA23,15218972,0
AthlncRNA211,15227722,0
AthlncRNA211,30678085,0
AthlncRNA320,18423684,0
AthlncRNA213,30682553,0
AthlncRNA55,15234010,0
AthlncRNA18,42572443,0
AthlncRNA53,15234010,0
AthlncRNA18,15232459,0
AthlncRNA23,15240641,0
AthlncRNA378,15228098,0
AthlncRNA52,15240641,0
AthlncRNA261,42572443,0
AthlncRNA261,15232459,0
AthlncRNA62,18423684,0
AthlncRNA271,15224366,0
AthlncRNA55,15226605,0
AthlncRNA373,15224217,0
AthlncRNA55,18398061,0
AthlncRNA211,22330665,0
AthlncRNA21,15241028,0
AthlncRNA14,22329999,0
AthlncRNA211,15224217,0
AthlncRNA211,15223768,0
AthlncRNA269,15229321,0
AthlncRNA352,15221761,0
AthlncRNA64,15224366,0
AthlncRNA373,15224366,0
AthlncRNA215,15233167,0
AthlncRNA210,15233167,0
AthlncRNA172,15237716,0
AthlncRNA376,15224366,0
AthlncRNA141,15229321,0
AthlncRNA277,18400210,0
AthlncRNA141,15224217,0
AthlncRNA260,42571149,0
AthlncRNA352,42571149,0
AthlncRNA269,18423684,0
AthlncRNA210,30694529,0
AthlncRNA210,18410591,0
AthlncRNA229,15240641,0
AthlncRNA210,30694526,0
AthlncRNA328,15237716,0
AthlncRNA159,22329999,0
AthlncRNA23,18400210,0
AthlncRNA271,15218779,0
AthlncRNA271,79320777,0
AthlncRNA293,18400210,0
AthlncRNA222,18400210,0
AthlncRNA238,15227722,0
AthlncRNA238,30678085,0
AthlncRNA22,22329999,0
AthlncRNA306,18423684,0
AthlncRNA260,15218779,0
AthlncRNA260,79320777,0
AthlncRNA306,15234010,0
AthlncRNA79,30680456,0
AthlncRNA52,30682553,0
AthlncRNA204,15218972,0
AthlncRNA271,15228098,0
AthlncRNA269,22329999,0
AthlncRNA125,18400210,0
AthlncRNA109,79326195,0
AthlncRNA260,30694529,0
AthlncRNA260,30694526,0
AthlncRNA260,18410591,0
AthlncRNA378,15240641,0
AthlncRNA23,15232459,0
AthlncRNA23,42572443,0
AthlncRNA10,15241028,0
AthlncRNA167,15240641,0
AthlncRNA102,15228098,0
AthlncRNA213,15240641,0
AthlncRNA306,79326195,0
AthlncRNA260,15241028,0
AthlncRNA126,18400210,0
AthlncRNA99,15223768,0
AthlncRNA306,30680456,0
AthlncRNA172,15221761,0
AthlncRNA218,15240641,0
AthlncRNA78,15224217,0
AthlncRNA236,15229743,0
AthlncRNA21,15224217,0
AthlncRNA376,15227722,0
AthlncRNA376,30678085,0
AthlncRNA241,15233167,0
AthlncRNA79,18398061,0
AthlncRNA373,18410591,0
AthlncRNA373,30694529,0
AthlncRNA277,15232459,0
AthlncRNA104,15232459,0
AthlncRNA104,42572443,0
AthlncRNA277,42572443,0
AthlncRNA373,30694526,0
AthlncRNA315,79326195,0
AthlncRNA12,30682553,0
AthlncRNA253,15229321,0
AthlncRNA78,15223768,0
AthlncRNA284,15233167,0
AthlncRNA64,30682553,0
AthlncRNA172,15232459,0
AthlncRNA172,42572443,0
AthlncRNA321,18400210,0
AthlncRNA354,15223768,0
AthlncRNA258,15224366,0
AthlncRNA155,15234010,0
AthlncRNA306,15224366,0
AthlncRNA172,18400210,0
AthlncRNA199,79326195,0
AthlncRNA277,22328624,0
AthlncRNA378,15241028,0
AthlncRNA21,15224366,0
AthlncRNA37,30682553,0
AthlncRNA284,22328624,0
AthlncRNA324,22329999,0
AthlncRNA12,15229743,0
AthlncRNA354,15233167,0
AthlncRNA236,42571149,0
AthlncRNA22,18400210,0
AthlncRNA247,15229743,0
AthlncRNA125,15240641,0
AthlncRNA155,15237716,0
AthlncRNA141,79326195,0
AthlncRNA261,15226605,0
AthlncRNA64,15223768,0
AthlncRNA271,15224217,0
AthlncRNA126,15240641,0
AthlncRNA313,15237716,0
AthlncRNA99,15233167,0
AthlncRNA335,15221761,0
AthlncRNA10,22330665,0
AthlncRNA316,15233167,0
AthlncRNA213,22329999,0
AthlncRNA128,15240641,0
AthlncRNA271,42572443,0
AthlncRNA271,15232459,0
AthlncRNA211,22328624,0
AthlncRNA319,30680456,0
AthlncRNA246,30694526,0
AthlncRNA246,18410591,0
AthlncRNA98,15240641,0
AthlncRNA246,30694529,0
AthlncRNA306,15226605,0
AthlncRNA327,42572443,0
AthlncRNA327,15232459,0
AthlncRNA14,18423684,0
AthlncRNA109,30694529,0
AthlncRNA109,18410591,0
AthlncRNA109,30694526,0
AthlncRNA306,18398061,0
AthlncRNA159,42571149,0
AthlncRNA358,18398061,0
AthlncRNA311,15221761,0
AthlncRNA238,15241028,0
AthlncRNA167,30694529,0
AthlncRNA167,18410591,0
AthlncRNA167,30694526,0
AthlncRNA42,79320777,0
AthlncRNA42,15218779,0
AthlncRNA55,30678085,0
AthlncRNA55,15227722,0
AthlncRNA258,22328624,0
AthlncRNA104,15234010,0
AthlncRNA79,15228098,0
AthlncRNA332,30680456,0
AthlncRNA37,15237716,0
AthlncRNA105,18400210,0
AthlncRNA12,15224217,0
AthlncRNA99,15224366,0
AthlncRNA258,30678085,0
AthlncRNA258,15227722,0
AthlncRNA55,15224217,0
AthlncRNA256,79326195,0
AthlncRNA358,15240641,0
AthlncRNA271,15241028,0
AthlncRNA113,18423684,0
AthlncRNA213,30680456,0
AthlncRNA277,79320777,0
AthlncRNA238,15229743,0
AthlncRNA277,15218779,0
AthlncRNA105,15240641,0
AthlncRNA37,22330665,0
AthlncRNA141,30694529,0
AthlncRNA141,30694526,0
AthlncRNA373,15223768,0
AthlncRNA141,18410591,0
AthlncRNA256,30682553,0
AthlncRNA52,30680456,0
AthlncRNA299,18423684,0
AthlncRNA311,18400210,0
AthlncRNA12,18423684,0
AthlncRNA2,30680456,0
AthlncRNA222,79326195,0
AthlncRNA23,15228098,0
AthlncRNA105,22328624,0
AthlncRNA167,22328624,0
AthlncRNA354,15224366,0
AthlncRNA105,42571149,0
AthlncRNA241,42571149,0
AthlncRNA192,15233167,0
AthlncRNA246,15229321,0
AthlncRNA314,18400210,0
AthlncRNA335,30680456,0
AthlncRNA277,22330665,0
AthlncRNA52,42571149,0
AthlncRNA358,30680456,0
AthlncRNA261,15223768,0
AthlncRNA284,22330665,0
AthlncRNA247,15240641,0
AthlncRNA269,30694526,0
AthlncRNA269,18410591,0
AthlncRNA269,30694529,0
AthlncRNA172,15229743,0
AthlncRNA327,22329999,0
AthlncRNA328,15240641,0
AthlncRNA172,15223768,0
AthlncRNA319,18398061,0
AthlncRNA213,15228098,0
AthlncRNA314,30682553,0
AthlncRNA261,15233167,0
AthlncRNA314,15218972,0
AthlncRNA53,15226605,0
AthlncRNA341,15233167,0
AthlncRNA99,15224217,0
AthlncRNA328,15221761,0
AthlncRNA102,15234010,0
AthlncRNA238,15228098,0
AthlncRNA10,79326195,0
AthlncRNA358,15228098,0
AthlncRNA172,15241028,0
AthlncRNA213,15237716,0
AthlncRNA98,15229321,0
AthlncRNA159,30682553,0
AthlncRNA306,30678085,0
AthlncRNA306,15227722,0
AthlncRNA332,18398061,0
AthlncRNA314,22328624,0
AthlncRNA313,15221761,0
AthlncRNA78,18410591,0
AthlncRNA53,15224217,0
AthlncRNA78,30694529,0
AthlncRNA78,30694526,0
AthlncRNA293,15237716,0
AthlncRNA213,18398061,0
AthlncRNA52,18398061,0
AthlncRNA247,22329999,0
AthlncRNA99,30678085,0
AthlncRNA99,15227722,0
AthlncRNA342,30680456,0
AthlncRNA211,30682553,0
AthlncRNA21,15226605,0
AthlncRNA258,30682553,0
AthlncRNA284,15234010,0
AthlncRNA207,15221761,0
AthlncRNA172,30694529,0
AthlncRNA172,18410591,0
AthlncRNA37,15223768,0
AthlncRNA172,30694526,0
AthlncRNA14,15229321,0
AthlncRNA238,15223768,0
AthlncRNA55,15223768,0
AthlncRNA319,15229743,0
AthlncRNA204,15229743,0
AthlncRNA238,22330665,0
AthlncRNA315,15228098,0
AthlncRNA2,18398061,0
AthlncRNA23,22330665,0
AthlncRNA125,42572443,0
AthlncRNA78,79326195,0
AthlncRNA125,15232459,0
AthlncRNA128,79320777,0
AthlncRNA128,15218779,0
AthlncRNA271,42571149,0
AthlncRNA364,15218972,0
AthlncRNA311,42572443,0
AthlncRNA311,15232459,0
AthlncRNA62,15223768,0
AthlncRNA126,15232459,0
AthlncRNA253,30680456,0
AthlncRNA126,42572443,0
AthlncRNA52,15232459,0
AthlncRNA52,42572443,0
AthlncRNA253,18398061,0
AthlncRNA102,15223768,0
AthlncRNA64,15227722,0
AthlncRNA105,42572443,0
AthlncRNA64,30678085,0
AthlncRNA105,15232459,0
AthlncRNA378,15224366,0
AthlncRNA247,42571149,0
AthlncRNA270,22329999,0
AthlncRNA271,15234010,0
AthlncRNA335,18398061,0
AthlncRNA313,15240641,0
AthlncRNA309,22330665,0
AthlncRNA2,15224217,0
AthlncRNA373,22330665,0
AthlncRNA373,18400210,0
AthlncRNA79,15240641,0
AthlncRNA335,15240641,0
AthlncRNA210,15229743,0
AthlncRNA314,15221761,0
AthlncRNA354,15228098,0
AthlncRNA354,15232459,0
AthlncRNA354,42572443,0
AthlncRNA21,30694529,0
AthlncRNA21,30694526,0
AthlncRNA21,18410591,0
AthlncRNA373,15226605,0
AthlncRNA210,42571149,0
AthlncRNA328,42571149,0
AthlncRNA238,42572443,0
AthlncRNA238,15232459,0
AthlncRNA354,15224217,0
AthlncRNA324,15229321,0
AthlncRNA98,15237716,0
AthlncRNA328,79326195,0
AthlncRNA309,18400210,0
AthlncRNA104,15223768,0
AthlncRNA253,15228098,0
AthlncRNA358,22330665,0
AthlncRNA247,42572443,0
AthlncRNA247,15232459,0
AthlncRNA342,18398061,0
AthlncRNA340,15218779,0
AthlncRNA340,79320777,0
AthlncRNA159,30680456,0
AthlncRNA340,30680456,0
AthlncRNA42,15234010,0
AthlncRNA354,30678085,0
AthlncRNA354,15227722,0
AthlncRNA62,15237716,0
AthlncRNA109,15224217,0
AthlncRNA62,15218972,0
AthlncRNA78,15241028,0
AthlncRNA23,30682553,0
AthlncRNA373,15218779,0
AthlncRNA373,79320777,0
AthlncRNA172,42571149,0
AthlncRNA37,15228098,0
AthlncRNA315,15229321,0
AthlncRNA277,15223768,0
AthlncRNA109,15218972,0
AthlncRNA335,30694526,0
AthlncRNA335,18410591,0
AthlncRNA335,30694529,0
AthlncRNA215,15221761,0
AthlncRNA52,15229743,0
AthlncRNA55,18423684,0
AthlncRNA238,15224366,0
AthlncRNA340,18398061,0
AthlncRNA22,15223768,0
AthlncRNA104,22330665,0
AthlncRNA78,22330665,0
AthlncRNA62,22328624,0
AthlncRNA328,15218779,0
AthlncRNA328,79320777,0
AthlncRNA64,15226605,0
AthlncRNA328,30682553,0
AthlncRNA102,15224217,0
AthlncRNA258,15241028,0
AthlncRNA172,30682553,0
AthlncRNA284,15227722,0
AthlncRNA284,30678085,0
AthlncRNA314,15228098,0
AthlncRNA321,30682553,0
AthlncRNA306,30694529,0
AthlncRNA22,22328624,0
AthlncRNA277,15228098,0
AthlncRNA306,30694526,0
AthlncRNA256,15229743,0
AthlncRNA309,15228098,0
AthlncRNA306,18410591,0
AthlncRNA213,30694526,0
AthlncRNA213,18410591,0
AthlncRNA213,30694529,0
AthlncRNA277,15224366,0
AthlncRNA309,15223768,0
AthlncRNA141,79320777,0
AthlncRNA277,15241028,0
AthlncRNA141,15218779,0
AthlncRNA340,22329999,0
AthlncRNA102,15218779,0
AthlncRNA102,79320777,0
AthlncRNA37,15224217,0
AthlncRNA62,15224217,0
AthlncRNA167,42571149,0
AthlncRNA328,15241028,0
AthlncRNA342,15224217,0
AthlncRNA341,15224366,0
AthlncRNA104,15224217,0
AthlncRNA102,22330665,0
AthlncRNA293,22330665,0
AthlncRNA313,15218779,0
AthlncRNA313,79320777,0
AthlncRNA105,15221761,0
AthlncRNA204,15218779,0
AthlncRNA277,15234010,0
AthlncRNA335,42572443,0
AthlncRNA335,15232459,0
AthlncRNA327,15240641,0
AthlncRNA204,79320777,0
AthlncRNA319,15226605,0
AthlncRNA270,18410591,0
AthlncRNA270,30694526,0
AthlncRNA79,15229321,0
AthlncRNA270,30694529,0
AthlncRNA247,15221761,0
AthlncRNA62,15240641,0
AthlncRNA342,15229321,0
AthlncRNA358,79320777,0
AthlncRNA358,15218779,0
AthlncRNA246,15237716,0
AthlncRNA62,79326195,0
AthlncRNA258,15234010,0
AthlncRNA332,15237716,0
AthlncRNA204,15226605,0
AthlncRNA102,15229743,0
AthlncRNA105,15233167,0
AthlncRNA102,15232459,0
AthlncRNA99,15229743,0
AthlncRNA102,42572443,0
AthlncRNA155,15240641,0
AthlncRNA204,30694529,0
AthlncRNA204,18410591,0
AthlncRNA204,30694526,0
AthlncRNA22,15234010,0
AthlncRNA256,42571149,0
AthlncRNA293,30682553,0
AthlncRNA12,79320777,0
AthlncRNA12,15218779,0
AthlncRNA332,15224217,0
AthlncRNA321,22330665,0
AthlncRNA341,15226605,0
AthlncRNA373,15234010,0
AthlncRNA358,15237716,0
AthlncRNA373,15221761,0
AthlncRNA342,15223768,0
AthlncRNA378,15234010,0
AthlncRNA260,15237716,0
AthlncRNA352,15233167,0
AthlncRNA78,15240641,0
AthlncRNA309,79320777,0
AthlncRNA309,15218779,0
AthlncRNA62,15228098,0
AthlncRNA14,79326195,0
AthlncRNA270,15229321,0
AthlncRNA199,18410591,0
AthlncRNA199,30694529,0
AthlncRNA199,30694526,0
AthlncRNA314,15226605,0
AthlncRNA218,15221761,0
AthlncRNA172,15224217,0
AthlncRNA378,15227722,0
AthlncRNA378,30678085,0
AthlncRNA64,15229743,0
AthlncRNA253,15240641,0
AthlncRNA293,15232459,0
AthlncRNA293,42572443,0
AthlncRNA104,15229743,0
AthlncRNA269,30680456,0
AthlncRNA314,30678085,0
AthlncRNA314,15227722,0
AthlncRNA284,15226605,0
AthlncRNA238,79320777,0
AthlncRNA204,22330665,0
AthlncRNA238,15218779,0
AthlncRNA104,15218779,0
AthlncRNA104,79320777,0
AthlncRNA159,22328624,0
AthlncRNA378,42571149,0
AthlncRNA159,18398061,0
AthlncRNA211,15226605,0
AthlncRNA256,15233167,0
AthlncRNA253,15224217,0
AthlncRNA211,15241028,0
AthlncRNA126,15224217,0
AthlncRNA207,18400210,0
AthlncRNA378,22328624,0
AthlncRNA52,22328624,0
AthlncRNA261,15218779,0
AthlncRNA261,79320777,0
AthlncRNA373,22328624,0
AthlncRNA260,15234010,0
AthlncRNA311,15224217,0
AthlncRNA328,15228098,0
AthlncRNA213,15229743,0
AthlncRNA269,18398061,0
AthlncRNA125,15224217,0
AthlncRNA277,15224217,0
AthlncRNA22,15224366,0
AthlncRNA327,18410591,0
AthlncRNA327,30694529,0
AthlncRNA327,30694526,0
AthlncRNA284,15241028,0
AthlncRNA311,15223768,0
AthlncRNA260,22328624,0
AthlncRNA306,15224217,0
AthlncRNA218,42572443,0
AthlncRNA218,15232459,0
AthlncRNA299,22330665,0
AthlncRNA12,15224366,0
AthlncRNA126,22328624,0
AthlncRNA309,15218972,0
AthlncRNA341,15223768,0
AthlncRNA10,15228098,0
AthlncRNA258,15218779,0
AthlncRNA258,79320777,0
AthlncRNA78,79320777,0
AthlncRNA78,15218779,0
AthlncRNA125,22328624,0
AthlncRNA373,15228098,0
AthlncRNA199,15240641,0
AthlncRNA341,15224217,0
AthlncRNA341,30678085,0
AthlncRNA341,15227722,0
AthlncRNA373,15237716,0
AthlncRNA218,18400210,0
AthlncRNA335,18400210,0
AthlncRNA62,42571149,0
AthlncRNA258,42571149,0
AthlncRNA247,22328624,0
AthlncRNA320,15229321,0
AthlncRNA328,22330665,0
AthlncRNA213,22330665,0
AthlncRNA373,30678085,0
AthlncRNA373,15227722,0
AthlncRNA113,30680456,0
AthlncRNA10,15218779,0
AthlncRNA320,30680456,0
AthlncRNA10,79320777,0
AthlncRNA311,15228098,0
AthlncRNA300,30680456,0
AthlncRNA167,42572443,0
AthlncRNA306,15241028,0
AthlncRNA167,15232459,0
AthlncRNA62,15241028,0
AthlncRNA378,15218972,0
AthlncRNA62,15221761,0
AthlncRNA141,15228098,0
AthlncRNA335,15229321,0
AthlncRNA315,15240641,0
AthlncRNA251,18410591,0
AthlncRNA251,30694526,0
AthlncRNA364,15228098,0
AthlncRNA251,30694529,0
AthlncRNA21,15234010,0
AthlncRNA37,15218972,0
AthlncRNA313,15218972,0
AthlncRNA277,30678085,0
AthlncRNA373,15241028,0
AthlncRNA277,15227722,0
AthlncRNA98,15224217,0
AthlncRNA247,18400210,0
AthlncRNA314,42572443,0
AthlncRNA270,18423684,0
AthlncRNA314,15232459,0
AthlncRNA314,42571149,0
AthlncRNA98,15223768,0
AthlncRNA258,15226605,0
AthlncRNA109,15240641,0
AthlncRNA364,15237716,0
AthlncRNA373,30682553,0
AthlncRNA109,79320777,0
AthlncRNA109,15218779,0
AthlncRNA309,15241028,0
AthlncRNA332,15223768,0
AthlncRNA258,15228098,0
AthlncRNA52,18400210,0
AthlncRNA104,15227722,0
AthlncRNA98,15221761,0
AthlncRNA104,30678085,0
AthlncRNA313,15228098,0
AthlncRNA128,15221761,0
AthlncRNA109,15234010,0
AthlncRNA321,15224217,0
AthlncRNA18,42571149,0
AthlncRNA64,15234010,0
AthlncRNA358,15224217,0
AthlncRNA23,15229743,0
AthlncRNA321,15223768,0
AthlncRNA309,15237716,0
AthlncRNA315,30694529,0
AthlncRNA315,18410591,0
AthlncRNA315,30694526,0
AthlncRNA300,18398061,0
AthlncRNA22,15241028,0
AthlncRNA167,15229743,0
AthlncRNA332,15240641,0
AthlncRNA253,15237716,0
AthlncRNA10,15226605,0
AthlncRNA109,18398061,0
AthlncRNA320,18398061,0
AthlncRNA328,18400210,0
AthlncRNA293,15223768,0
AthlncRNA172,15218779,0
AthlncRNA172,79320777,0
AthlncRNA79,42571149,0
AthlncRNA260,30678085,0
AthlncRNA260,15227722,0
AthlncRNA22,15226605,0
AthlncRNA104,15224366,0
AthlncRNA340,22330665,0
AthlncRNA269,15237716,0
AthlncRNA211,15228098,0
AthlncRNA260,18400210,0
AthlncRNA238,15224217,0
AthlncRNA204,15223768,0
AthlncRNA364,15221761,0
AthlncRNA293,30678085,0
AthlncRNA293,15227722,0
AthlncRNA53,15241028,0
AthlncRNA204,15227722,0
AthlncRNA340,15224217,0
AthlncRNA210,15221761,0
AthlncRNA358,30678085,0
AthlncRNA358,15227722,0
AthlncRNA213,15232459,0
AthlncRNA204,30678085,0
AthlncRNA213,42572443,0
AthlncRNA256,15232459,0
AthlncRNA256,42572443,0
AthlncRNA342,15240641,0
AthlncRNA261,15234010,0
AthlncRNA12,18410591,0
AthlncRNA12,30694526,0
AthlncRNA109,30680456,0
AthlncRNA12,30694529,0
AthlncRNA37,15241028,0
AthlncRNA113,18398061,0
AthlncRNA210,18400210,0
AthlncRNA210,42572443,0
AthlncRNA210,15232459,0
AthlncRNA340,15223768,0
AthlncRNA332,15218972,0
AthlncRNA62,18400210,0
AthlncRNA258,22330665,0
AthlncRNA128,15224217,0
AthlncRNA271,15226605,0
AthlncRNA2,15224366,0
AthlncRNA299,79320777,0
AthlncRNA299,15218779,0
AthlncRNA256,18400210,0
AthlncRNA313,15232459,0
AthlncRNA313,42572443,0
AthlncRNA313,18400210,0
AthlncRNA23,15229321,0
AthlncRNA159,15221761,0
AthlncRNA204,15241028,0
AthlncRNA23,30680456,0
AthlncRNA128,22330665,0
AthlncRNA358,79326195,0
AthlncRNA299,18398061,0
AthlncRNA251,18398061,0
AthlncRNA109,15237716,0
AthlncRNA342,15237716,0
AthlncRNA23,15224217,0
AthlncRNA128,15223768,0
AthlncRNA299,22329999,0
AthlncRNA251,30680456,0
AthlncRNA99,15226605,0
AthlncRNA309,15221761,0
AthlncRNA102,15224366,0
AthlncRNA364,15224217,0
AthlncRNA332,18410591,0
AthlncRNA332,30694526,0
AthlncRNA314,15229743,0
AthlncRNA332,30694529,0
AthlncRNA10,15237716,0
AthlncRNA324,15237716,0
AthlncRNA260,15221761,0
AthlncRNA358,15218972,0
AthlncRNA99,15234010,0
AthlncRNA358,15223768,0
AthlncRNA270,30680456,0
AthlncRNA2,15223768,0
AthlncRNA251,15224217,0
AthlncRNA300,15229321,0
AthlncRNA62,15227722,0
AthlncRNA155,30682553,0
AthlncRNA62,30678085,0
AthlncRNA102,15227722,0
AthlncRNA102,30678085,0
AthlncRNA128,22328624,0
AthlncRNA128,15232459,0
AthlncRNA128,42572443,0
AthlncRNA126,15223768,0
AthlncRNA354,15234010,0
AthlncRNA126,30682553,0
AthlncRNA10,42571149,0
AthlncRNA309,42571149,0
AthlncRNA102,42571149,0
AthlncRNA321,22328624,0
AthlncRNA324,15218972,0
AthlncRNA10,30682553,0
AthlncRNA324,15224217,0
AthlncRNA358,30694526,0
AthlncRNA358,18410591,0
AthlncRNA253,30694529,0
AthlncRNA358,30694529,0
AthlncRNA253,30694526,0
AthlncRNA299,30680456,0
AthlncRNA253,18410591,0
AthlncRNA269,15240641,0
AthlncRNA300,18423684,0
AthlncRNA167,15233167,0
AthlncRNA37,42571149,0
AthlncRNA315,30680456,0
AthlncRNA342,18410591,0
AthlncRNA342,30694529,0
AthlncRNA342,30694526,0
AthlncRNA378,22330665,0
AthlncRNA315,18398061,0
AthlncRNA335,15237716,0
AthlncRNA52,15233167,0
AthlncRNA269,79326195,0
AthlncRNA270,18398061,0
AthlncRNA12,15227722,0
AthlncRNA12,30678085,0
AthlncRNA341,15234010,0
AthlncRNA328,15227722,0
AthlncRNA328,30678085,0
AthlncRNA238,15233167,0
AthlncRNA335,15218972,0
AthlncRNA125,30682553,0
AthlncRNA62,15224366,0
AthlncRNA309,15232459,0
AthlncRNA126,15228098,0
AthlncRNA79,79326195,0
AthlncRNA309,42572443,0
AthlncRNA141,15223768,0
AthlncRNA261,30678085,0
AthlncRNA261,15227722,0
AthlncRNA159,15229743,0
AthlncRNA98,15218972,0
AthlncRNA128,15227722,0
AthlncRNA128,30678085,0
AthlncRNA98,18400210,0
AthlncRNA204,15234010,0
AthlncRNA378,15232459,0
AthlncRNA378,42572443,0
AthlncRNA328,15223768,0
AthlncRNA213,15218972,0
AthlncRNA141,30680456,0
AthlncRNA246,15224217,0
AthlncRNA328,15218972,0
AthlncRNA53,79320777,0
AthlncRNA53,15218779,0
AthlncRNA14,30680456,0
AthlncRNA299,15241028,0
AthlncRNA299,15224217,0
AthlncRNA12,15234010,0
AthlncRNA23,18398061,0
AthlncRNA52,15221761,0
AthlncRNA12,15226605,0
AthlncRNA14,18398061,0
AthlncRNA125,15223768,0
AthlncRNA299,79326195,0
AthlncRNA327,18400210,0
AthlncRNA321,15232459,0
AthlncRNA10,15240641,0
AthlncRNA321,42572443,0
AthlncRNA319,15241028,0
AthlncRNA340,15241028,0
AthlncRNA22,30694526,0
AthlncRNA22,18410591,0
AthlncRNA22,30694529,0
AthlncRNA358,42571149,0
AthlncRNA167,18400210,0
AthlncRNA260,15233167,0
AthlncRNA23,15223768,0
AthlncRNA126,15224366,0
AthlncRNA128,18400210,0
AthlncRNA125,15228098,0
AthlncRNA328,42572443,0
AthlncRNA328,15232459,0
AthlncRNA328,22328624,0
AthlncRNA199,15224217,0
AthlncRNA159,15240641,0
AthlncRNA260,15229743,0
AthlncRNA113,18410591,0
AthlncRNA113,30694526,0
AthlncRNA113,30694529,0
AthlncRNA324,30680456,0
AthlncRNA22,15227722,0
AthlncRNA321,15241028,0
AthlncRNA22,30678085,0
AthlncRNA299,15223768,0
AthlncRNA342,15227722,0
AthlncRNA342,30678085,0
AthlncRNA309,30682553,0
AthlncRNA2,30694529,0
AthlncRNA2,30694526,0
AthlncRNA2,18410591,0
AthlncRNA313,22330665,0
AthlncRNA324,15228098,0
AthlncRNA62,30682553,0
AthlncRNA62,22330665,0
AthlncRNA251,15240641,0
AthlncRNA321,15227722,0
AthlncRNA277,15226605,0
AthlncRNA321,30678085,0
AthlncRNA238,15234010,0
AthlncRNA320,15237716,0
AthlncRNA313,15223768,0
AthlncRNA261,15224217,0
AthlncRNA309,22328624,0
AthlncRNA37,15232459,0
AthlncRNA78,15227722,0
AthlncRNA78,30678085,0
AthlncRNA37,42572443,0
AthlncRNA277,42571149,0
AthlncRNA364,15232459,0
AthlncRNA256,15221761,0
AthlncRNA364,42572443,0
AthlncRNA10,15224217,0
AthlncRNA261,15224366,0
AthlncRNA125,15224366,0
AthlncRNA328,15226605,0
AthlncRNA324,18398061,0
AthlncRNA309,30678085,0
AthlncRNA309,15227722,0
AthlncRNA37,22328624,0
AthlncRNA167,15221761,0
AthlncRNA311,15224366,0
AthlncRNA342,18400210,0
AthlncRNA246,15223768,0
AthlncRNA12,15223768,0
AthlncRNA155,15218972,0
AthlncRNA22,15224217,0
AthlncRNA299,15224366,0
AthlncRNA342,42572443,0
AthlncRNA342,15232459,0
AthlncRNA109,15232459,0
AthlncRNA109,42572443,0
AthlncRNA14,15240641,0
AthlncRNA18,15233167,0
AthlncRNA204,15224366,0
AthlncRNA364,18400210,0
AthlncRNA98,15224366,0
AthlncRNA260,15232459,0
AthlncRNA260,42572443,0
AthlncRNA2,15237716,0
AthlncRNA309,15224366,0
AthlncRNA332,15228098,0
AthlncRNA299,15237716,0
AthlncRNA313,15224366,0
AthlncRNA340,79326195,0
AthlncRNA342,15218972,0
AthlncRNA109,15228098,0
AthlncRNA104,42571149,0
AthlncRNA315,15218779,0
AthlncRNA315,79320777,0
AthlncRNA311,30682553,0
AthlncRNA128,15224366,0
AthlncRNA321,15234010,0
AthlncRNA155,18410591,0
AthlncRNA155,30694529,0
AthlncRNA155,30694526,0
AthlncRNA126,42571149,0
AthlncRNA342,15218779,0
AthlncRNA342,79320777,0
AthlncRNA324,22330665,0
AthlncRNA378,30682553,0
AthlncRNA328,15224217,0
AthlncRNA213,42571149,0
AthlncRNA128,15234010,0
AthlncRNA98,15232459,0
AthlncRNA98,42572443,0
AthlncRNA159,42572443,0
AthlncRNA159,15232459,0
AthlncRNA378,18400210,0
AthlncRNA300,15240641,0
AthlncRNA37,15224366,0
AthlncRNA335,15224366,0
AthlncRNA141,18398061,0
AthlncRNA125,42571149,0
AthlncRNA342,15221761,0
AthlncRNA311,15234010,0
AthlncRNA319,42571149,0
AthlncRNA104,15241028,0
AthlncRNA311,15227722,0
AthlncRNA311,15218779,0
AthlncRNA293,15224217,0
AthlncRNA99,15241028,0
AthlncRNA311,30678085,0
AthlncRNA311,79320777,0
AthlncRNA2,15218972,0
AthlncRNA238,15226605,0
AthlncRNA155,79326195,0
AthlncRNA141,15224366,0
AthlncRNA23,15224366,0
AthlncRNA98,15227722,0
AthlncRNA98,30678085,0
AthlncRNA345,30694526,0
AthlncRNA345,18410591,0
AthlncRNA345,30694529,0
AthlncRNA246,30678085,0
AthlncRNA246,15227722,0
AthlncRNA155,22330665,0
AthlncRNA126,15229743,0
AthlncRNA364,15241028,0
AthlncRNA125,15229743,0
AthlncRNA23,15234010,0
AthlncRNA104,15226605,0
AthlncRNA378,15229743,0
AthlncRNA328,15229743,0
AthlncRNA113,22329999,0
AthlncRNA102,15241028,0
AthlncRNA378,15221761,0
AthlncRNA299,15228098,0
AthlncRNA313,42571149,0
AthlncRNA62,15229743,0
AthlncRNA98,22330665,0
AthlncRNA313,30682553,0
AthlncRNA172,15226605,0
AthlncRNA14,15218779,0
AthlncRNA14,79320777,0
AthlncRNA342,15234010,0
AthlncRNA78,15221761,0
AthlncRNA210,15240641,0
AthlncRNA335,79320777,0
AthlncRNA335,15218779,0
AthlncRNA311,22330665,0
AthlncRNA327,15221761,0
AthlncRNA141,18400210,0
AthlncRNA373,42572443,0
AthlncRNA378,15226605,0
AthlncRNA373,15232459,0
AthlncRNA340,15240641,0
AthlncRNA373,15229743,0
AthlncRNA299,15226605,0
AthlncRNA315,15224366,0
AthlncRNA277,15229743,0
AthlncRNA113,15229321,0
AthlncRNA364,42571149,0
AthlncRNA141,15240641,0
AthlncRNA293,42571149,0
AthlncRNA128,15241028,0
AthlncRNA246,15228098,0
AthlncRNA342,15228098,0
AthlncRNA341,15241028,0
AthlncRNA345,18398061,0
AthlncRNA2,15227722,0
AthlncRNA2,30678085,0
AthlncRNA293,15226605,0
AthlncRNA313,15229743,0
AthlncRNA141,15227722,0
AthlncRNA141,30678085,0
AthlncRNA62,15234010,0
AthlncRNA320,30694526,0
AthlncRNA315,15224217,0
AthlncRNA320,18410591,0
AthlncRNA320,30694529,0
AthlncRNA313,15241028,0
AthlncRNA172,30678085,0
AthlncRNA172,15227722,0
AthlncRNA373,15218972,0
AthlncRNA14,15234010,0
AthlncRNA159,18400210,0
AthlncRNA211,15229743,0
AthlncRNA246,15232459,0
AthlncRNA246,42572443,0
AthlncRNA211,15233167,0
AthlncRNA340,15224366,0
AthlncRNA2,15234010,0
AthlncRNA109,15241028,0
AthlncRNA14,15228098,0
AthlncRNA324,15218779,0
AthlncRNA324,79320777,0
AthlncRNA79,79320777,0
AthlncRNA79,15218779,0
AthlncRNA358,15224366,0
AthlncRNA12,15241028,0
AthlncRNA37,79320777,0
AthlncRNA37,15218779,0
AthlncRNA199,15218972,0
AthlncRNA62,42572443,0
AthlncRNA62,15232459,0
AthlncRNA313,22328624,0
AthlncRNA102,15226605,0
AthlncRNA293,15228098,0
AthlncRNA345,15240641,0
AthlncRNA14,15218972,0
AthlncRNA340,15228098,0
AthlncRNA315,22330665,0
AthlncRNA253,30678085,0
AthlncRNA246,30682553,0
AthlncRNA253,15227722,0
AthlncRNA341,79320777,0
AthlncRNA341,15218779,0
AthlncRNA345,30680456,0
AthlncRNA126,79320777,0
AthlncRNA126,15218779,0
AthlncRNA23,79320777,0
AthlncRNA23,15218779,0
AthlncRNA340,30694526,0
AthlncRNA340,30694529,0
AthlncRNA340,18410591,0
AthlncRNA324,15223768,0
AthlncRNA14,15224217,0
AthlncRNA253,15224366,0
AthlncRNA293,22328624,0
AthlncRNA251,15228098,0
AthlncRNA271,15233167,0
AthlncRNA364,22328624,0
AthlncRNA109,15224366,0
AthlncRNA315,18400210,0
AthlncRNA246,15218972,0
AthlncRNA315,15221761,0
AthlncRNA270,15237716,0
AthlncRNA10,15223768,0
AthlncRNA2,42572443,0
AthlncRNA2,15232459,0
AthlncRNA204,15224217,0
AthlncRNA199,18400210,0
AthlncRNA126,30678085,0
AthlncRNA126,15227722,0
AthlncRNA98,79320777,0
AthlncRNA98,15218779,0
AthlncRNA364,22330665,0
AthlncRNA335,30678085,0
AthlncRNA335,15227722,0
AthlncRNA10,30678085,0
AthlncRNA10,15227722,0
AthlncRNA125,79320777,0
AthlncRNA125,15218779,0
AthlncRNA155,18400210,0
AthlncRNA258,15229743,0
AthlncRNA172,15233167,0
AthlncRNA23,42571149,0
AthlncRNA23,30678085,0
AthlncRNA270,15240641,0
AthlncRNA23,15227722,0
AthlncRNA314,15233167,0
AthlncRNA253,79320777,0
AthlncRNA332,22330665,0
AthlncRNA246,15240641,0
AthlncRNA253,15218779,0
AthlncRNA236,15233167,0
AthlncRNA125,15227722,0
AthlncRNA125,30678085,0
AthlncRNA358,15241028,0
AthlncRNA324,42572443,0
AthlncRNA324,15232459,0
AthlncRNA364,15223768,0
AthlncRNA2,15218779,0
AthlncRNA2,79320777,0
AthlncRNA78,15237716,0
AthlncRNA320,15240641,0
AthlncRNA293,15218779,0
AthlncRNA293,79320777,0
AthlncRNA14,15226605,0
AthlncRNA332,30678085,0
AthlncRNA332,15227722,0
AthlncRNA78,15226605,0
AthlncRNA315,15218972,0
AthlncRNA313,15224217,0
AthlncRNA321,79320777,0
AthlncRNA10,15218972,0
AthlncRNA321,15218779,0
AthlncRNA126,22330665,0
AthlncRNA172,15224366,0
AthlncRNA378,15233167,0
AthlncRNA340,15226605,0
AthlncRNA332,15226605,0
AthlncRNA125,15233167,0
AthlncRNA37,30678085,0
AthlncRNA62,15226605,0
AthlncRNA37,15227722,0
AthlncRNA199,15237716,0
AthlncRNA126,15233167,0
AthlncRNA270,79326195,0
AthlncRNA315,15223768,0
AthlncRNA315,15226605,0
AthlncRNA309,15226605,0
AthlncRNA364,30682553,0
AthlncRNA10,18400210,0
AthlncRNA342,22330665,0
AthlncRNA62,15233167,0
AthlncRNA109,15223768,0
AthlncRNA141,15237716,0
AthlncRNA253,30682553,0
AthlncRNA293,15224366,0
AthlncRNA98,15228098,0
AthlncRNA159,15233167,0
AthlncRNA2,22330665,0
AthlncRNA358,42572443,0
AthlncRNA358,15232459,0
AthlncRNA309,15234010,0
AthlncRNA79,15218972,0
AthlncRNA340,30678085,0
AthlncRNA125,22330665,0
AthlncRNA340,15227722,0
AthlncRNA155,42572443,0
AthlncRNA155,15232459,0
AthlncRNA213,15233167,0
AthlncRNA126,15241028,0
AthlncRNA332,79320777,0
AthlncRNA332,15218779,0
AthlncRNA79,22330665,0
AthlncRNA128,15218972,0
AthlncRNA109,15221761,0
AthlncRNA155,15221761,0
AthlncRNA79,30682553,0
AthlncRNA141,15221761,0
AthlncRNA324,18400210,0
AthlncRNA311,15229743,0
AthlncRNA125,15241028,0
AthlncRNA253,15223768,0
AthlncRNA10,15233167,0
AthlncRNA37,15234010,0
AthlncRNA253,15218972,0
AthlncRNA78,18400210,0
AthlncRNA332,15224366,0
AthlncRNA253,15226605,0
AthlncRNA253,22330665,0
AthlncRNA358,30682553,0
AthlncRNA37,15229743,0
AthlncRNA342,15224366,0
AthlncRNA102,22328624,0
AthlncRNA300,18410591,0
AthlncRNA300,30694529,0
AthlncRNA300,30694526,0
AthlncRNA345,15218779,0
AthlncRNA37,15226605,0
AthlncRNA345,79320777,0
AthlncRNA247,15233167,0
AthlncRNA328,15224366,0
AthlncRNA340,15237716,0
AthlncRNA253,15234010,0
AthlncRNA315,42571149,0
AthlncRNA78,15224366,0
AthlncRNA269,18400210,0
AthlncRNA79,15237716,0
AthlncRNA199,15221761,0
AthlncRNA258,15233167,0
AthlncRNA102,15233167,0
AthlncRNA62,79320777,0
AthlncRNA293,15218972,0
AthlncRNA62,15218779,0
AthlncRNA141,42571149,0
AthlncRNA309,15233167,0
AthlncRNA269,15221761,0
AthlncRNA321,15226605,0
AthlncRNA321,15224366,0
AthlncRNA79,30694529,0
AthlncRNA79,18410591,0
AthlncRNA79,30694526,0
AthlncRNA319,22328624,0
AthlncRNA128,15228098,0
AthlncRNA364,15218779,0
AthlncRNA364,79320777,0
AthlncRNA269,42571149,0
AthlncRNA313,15233167,0
AthlncRNA14,22330665,0
AthlncRNA251,42571149,0
AthlncRNA328,15234010,0
AthlncRNA78,15228098,0
AthlncRNA199,79320777,0
AthlncRNA324,15240641,0
AthlncRNA199,15218779,0
AthlncRNA335,15228098,0
AthlncRNA340,42571149,0
AthlncRNA141,42572443,0
AthlncRNA141,15232459,0
AthlncRNA79,18400210,0
AthlncRNA315,15241028,0
AthlncRNA315,30682553,0
AthlncRNA309,15229743,0
AthlncRNA155,22328624,0
AthlncRNA79,15223768,0
AthlncRNA324,15221761,0
AthlncRNA299,15240641,0
AthlncRNA155,15229743,0
AthlncRNA155,42571149,0
AthlncRNA246,18400210,0
AthlncRNA128,30682553,0
AthlncRNA345,22330665,0
AthlncRNA10,15232459,0
AthlncRNA10,42572443,0
AthlncRNA251,15241028,0
AthlncRNA246,15224366,0
AthlncRNA300,15218972,0
AthlncRNA79,15221761,0
AthlncRNA251,22330665,0
AthlncRNA332,15234010,0
AthlncRNA37,15233167,0
AthlncRNA79,15224217,0
AthlncRNA141,15218972,0
AthlncRNA332,15232459,0
AthlncRNA332,42572443,0
AthlncRNA79,15224366,0
AthlncRNA300,15221761,0
AthlncRNA314,15234010,0
AthlncRNA213,22328624,0
AthlncRNA246,15234010,0
AthlncRNA14,15223768,0
AthlncRNA345,22329999,0
AthlncRNA98,30682553,0
AthlncRNA211,42571149,0
AthlncRNA320,15221761,0
AthlncRNA109,15226605,0
AthlncRNA10,22328624,0
AthlncRNA293,15233167,0
AthlncRNA324,15226605,0
AthlncRNA79,15233167,0
AthlncRNA141,22330665,0
AthlncRNA315,15234010,0
AthlncRNA109,18400210,0
AthlncRNA246,15221761,0
AthlncRNA109,22330665,0
AthlncRNA251,15237716,0
AthlncRNA128,15229743,0
AthlncRNA98,42571149,0
AthlncRNA251,79320777,0
AthlncRNA251,15218779,0
AthlncRNA320,15224217,0
AthlncRNA364,15224366,0
AthlncRNA335,15223768,0
AthlncRNA104,22328624,0
AthlncRNA321,15218972,0
AthlncRNA251,79326195,0
AthlncRNA324,30694526,0
AthlncRNA324,30694529,0
AthlncRNA324,18410591,0
AthlncRNA109,42571149,0
AthlncRNA246,42571149,0
AthlncRNA10,15221761,0
AthlncRNA2,15228098,0
AthlncRNA321,15229743,0
AthlncRNA213,18400210,0
AthlncRNA14,15224366,0
AthlncRNA320,15218779,0
AthlncRNA320,79320777,0
AthlncRNA311,42571149,0
AthlncRNA335,22330665,0
AthlncRNA109,30678085,0
AthlncRNA109,15227722,0
AthlncRNA23,15226605,0
AthlncRNA313,15227722,0
AthlncRNA313,30678085,0
AthlncRNA269,15232459,0
AthlncRNA269,42572443,0
AthlncRNA321,15228098,0
AthlncRNA199,15223768,0
AthlncRNA342,42571149,0
AthlncRNA2,18400210,0
AthlncRNA246,15218779,0
AthlncRNA246,79320777,0
AthlncRNA335,15224217,0
AthlncRNA141,15226605,0
AthlncRNA300,18400210,0
AthlncRNA300,79326195,0
AthlncRNA269,15228098,0
AthlncRNA78,42571149,0
AthlncRNA277,15233167,0
AthlncRNA79,15229743,0
AthlncRNA340,30682553,0
AthlncRNA126,15234010,0
AthlncRNA300,15218779,0
AthlncRNA300,79320777,0
AthlncRNA320,15223768,0
AthlncRNA98,15234010,0
AthlncRNA345,15228098,0
AthlncRNA324,15224366,0
AthlncRNA128,15226605,0
AthlncRNA299,15234010,0
AthlncRNA253,42571149,0
AthlncRNA364,15226605,0
AthlncRNA315,15227722,0
AthlncRNA315,30678085,0
AthlncRNA293,15234010,0
AthlncRNA345,15237716,0
AthlncRNA320,15228098,0
AthlncRNA113,15240641,0
AthlncRNA315,15232459,0
AthlncRNA315,42572443,0
AthlncRNA213,15221761,0
AthlncRNA270,18400210,0
AthlncRNA269,30682553,0
AthlncRNA320,18400210,0
AthlncRNA328,15233167,0
AthlncRNA293,15229743,0
AthlncRNA79,42572443,0
AthlncRNA79,15232459,0
AthlncRNA125,15234010,0
AthlncRNA199,15224366,0
AthlncRNA251,15221761,0
AthlncRNA299,15218972,0
AthlncRNA199,42571149,0
AthlncRNA335,30682553,0
AthlncRNA300,15228098,0
AthlncRNA172,15234010,0
AthlncRNA320,15226605,0
AthlncRNA10,15224366,0
AthlncRNA251,15218972,0
AthlncRNA270,15221761,0
AthlncRNA324,15234010,0
AthlncRNA10,15229743,0
AthlncRNA269,22330665,0
AthlncRNA141,15234010,0
AthlncRNA199,30682553,0
AthlncRNA300,15237716,0
AthlncRNA332,15229743,0
AthlncRNA199,15228098,0
AthlncRNA79,15226605,0
AthlncRNA342,15229743,0
AthlncRNA14,15237716,0
AthlncRNA335,42571149,0
AthlncRNA199,30678085,0
AthlncRNA199,15234010,0
AthlncRNA199,15227722,0
AthlncRNA251,15227722,0
AthlncRNA251,30678085,0
AthlncRNA313,15226605,0
AthlncRNA113,15218779,0
AthlncRNA251,18400210,0
AthlncRNA113,79320777,0
AthlncRNA320,15218972,0
AthlncRNA293,15241028,0
AthlncRNA251,15224366,0
AthlncRNA270,42571149,0
AthlncRNA253,15241028,0
AthlncRNA345,42571149,0
AthlncRNA126,15226605,0
AthlncRNA199,22330665,0
AthlncRNA104,15233167,0
AthlncRNA113,22330665,0
AthlncRNA342,15226605,0
AthlncRNA79,22328624,0
AthlncRNA79,15241028,0
AthlncRNA251,15223768,0
AthlncRNA78,15234010,0
AthlncRNA324,15227722,0
AthlncRNA324,30678085,0
AthlncRNA345,30682553,0
AthlncRNA335,15234010,0
AthlncRNA246,22330665,0
AthlncRNA14,30682553,0
AthlncRNA14,42571149,0
AthlncRNA253,15232459,0
AthlncRNA14,15241028,0
AthlncRNA253,42572443,0
AthlncRNA78,42572443,0
AthlncRNA78,15232459,0
AthlncRNA253,18400210,0
AthlncRNA199,15241028,0
AthlncRNA2,15240641,0
AthlncRNA199,42572443,0
AthlncRNA199,15232459,0
AthlncRNA332,18400210,0
AthlncRNA332,15241028,0
AthlncRNA269,15218972,0
AthlncRNA2,15221761,0
AthlncRNA141,22328624,0
AthlncRNA345,15224217,0
AthlncRNA246,15229743,0
AthlncRNA324,30682553,0
AthlncRNA125,15226605,0
AthlncRNA2,15226605,0
AthlncRNA300,22330665,0
AthlncRNA313,15234010,0
AthlncRNA251,22328624,0
AthlncRNA345,15218972,0
AthlncRNA109,30682553,0
AthlncRNA199,15226605,0
AthlncRNA78,30682553,0
AthlncRNA246,15241028,0
AthlncRNA332,42571149,0
AthlncRNA311,15241028,0
AthlncRNA299,30678085,0
AthlncRNA299,15227722,0
AthlncRNA364,15229743,0
AthlncRNA78,15218972,0
AthlncRNA319,15233167,0
AthlncRNA300,15224366,0
AthlncRNA246,15226605,0
AthlncRNA269,22328624,0
AthlncRNA14,30678085,0
AthlncRNA345,79326195,0
AthlncRNA14,15227722,0
AthlncRNA14,30694526,0
AthlncRNA269,15229743,0
AthlncRNA14,30694529,0
AthlncRNA14,18410591,0
AthlncRNA141,15241028,0
AthlncRNA345,15241028,0
AthlncRNA373,42571149,0
AthlncRNA23,15241028,0
AthlncRNA78,15229743,0
AthlncRNA299,22328624,0
AthlncRNA358,15229743,0
AthlncRNA155,15233167,0
AthlncRNA364,15227722,0
AthlncRNA253,15229743,0
AthlncRNA364,30678085,0
AthlncRNA340,15234010,0
AthlncRNA321,42571149,0
AthlncRNA320,15224366,0
AthlncRNA342,30682553,0
AthlncRNA128,42571149,0
AthlncRNA300,42571149,0
AthlncRNA320,15234010,0
AthlncRNA340,15233167,0
AthlncRNA345,15226605,0
AthlncRNA364,15233167,0
AthlncRNA269,15233167,0
AthlncRNA98,15241028,0
AthlncRNA10,15234010,0
AthlncRNA299,30694529,0
AthlncRNA299,30682553,0
AthlncRNA299,18410591,0
AthlncRNA299,30694526,0
AthlncRNA270,42572443,0
AthlncRNA270,15232459,0
AthlncRNA113,15218972,0
AthlncRNA300,15224217,0
AthlncRNA358,15221761,0
AthlncRNA320,22330665,0
AthlncRNA324,22328624,0
AthlncRNA141,30682553,0
AthlncRNA113,79326195,0
AthlncRNA253,15221761,0
AthlncRNA345,30678085,0
AthlncRNA345,15227722,0
AthlncRNA320,30682553,0
AthlncRNA332,15221761,0
AthlncRNA345,15223768,0
AthlncRNA79,30678085,0
AthlncRNA79,15227722,0
AthlncRNA335,22328624,0
AthlncRNA300,30682553,0
AthlncRNA299,42571149,0
AthlncRNA300,42572443,0
AthlncRNA300,15232459,0
AthlncRNA113,15241028,0
AthlncRNA300,15223768,0
AthlncRNA14,18400210,0
AthlncRNA320,42571149,0
AthlncRNA113,15228098,0
AthlncRNA340,15218972,0
AthlncRNA358,15233167,0
AthlncRNA269,15241028,0
AthlncRNA335,15241028,0
AthlncRNA251,30682553,0
AthlncRNA141,15229743,0
AthlncRNA335,15226605,0
AthlncRNA311,15226605,0
AthlncRNA269,15226605,0
AthlncRNA270,22330665,0
AthlncRNA251,15226605,0
AthlncRNA251,15232459,0
AthlncRNA251,42572443,0
AthlncRNA98,15229743,0
AthlncRNA342,15241028,0
AthlncRNA373,15233167,0
AthlncRNA79,15234010,0
AthlncRNA358,15226605,0
AthlncRNA98,22328624,0
AthlncRNA270,30682553,0
AthlncRNA340,15229743,0
AthlncRNA320,15241028,0
AthlncRNA300,15226605,0
AthlncRNA98,15226605,0
AthlncRNA311,22328624,0
AthlncRNA358,18400210,0
AthlncRNA345,22328624,0
AthlncRNA113,15223768,0
AthlncRNA128,15233167,0
AthlncRNA2,42571149,0
AthlncRNA109,15229743,0
AthlncRNA23,22328624,0
AthlncRNA269,15218779,0
AthlncRNA269,79320777,0
AthlncRNA109,22328624,0
AthlncRNA270,15228098,0
AthlncRNA246,22328624,0
AthlncRNA315,15229743,0
AthlncRNA78,15233167,0
AthlncRNA14,42572443,0
AthlncRNA14,15232459,0
AthlncRNA300,22328624,0
AthlncRNA324,42571149,0
AthlncRNA2,30682553,0
AthlncRNA321,15233167,0
AthlncRNA320,30678085,0
AthlncRNA320,15227722,0
AthlncRNA364,15234010,0
AthlncRNA332,30682553,0
AthlncRNA113,15237716,0
AthlncRNA345,15224366,0
AthlncRNA315,22328624,0
AthlncRNA269,15224217,0
AthlncRNA335,15233167,0
AthlncRNA299,15229743,0
AthlncRNA340,15232459,0
AthlncRNA340,42572443,0
AthlncRNA14,15221761,0
AthlncRNA2,22328624,0
AthlncRNA113,15232459,0
AthlncRNA113,42572443,0
AthlncRNA299,15232459,0
AthlncRNA299,42572443,0
AthlncRNA270,15218972,0
AthlncRNA251,15229743,0
AthlncRNA299,18400210,0
AthlncRNA270,15233167,0
AthlncRNA113,15224217,0
AthlncRNA199,15229743,0
AthlncRNA113,15221761,0
AthlncRNA324,15241028,0
AthlncRNA270,22328624,0
AthlncRNA342,22328624,0
AthlncRNA315,15233167,0
AthlncRNA300,15227722,0
AthlncRNA300,30678085,0
AthlncRNA299,15221761,0
AthlncRNA251,15233167,0
AthlncRNA300,15234010,0
AthlncRNA113,15224366,0
AthlncRNA270,15229743,0
AthlncRNA358,22328624,0
AthlncRNA320,42572443,0
AthlncRNA320,15232459,0
AthlncRNA251,15234010,0
AthlncRNA358,15234010,0
AthlncRNA2,15229743,0
AthlncRNA113,18400210,0
AthlncRNA324,15229743,0
AthlncRNA320,15229743,0
AthlncRNA345,15232459,0
AthlncRNA345,42572443,0
AthlncRNA253,15233167,0
AthlncRNA270,15226605,0
AthlncRNA335,15229743,0
AthlncRNA340,22328624,0
AthlncRNA311,15233167,0
AthlncRNA270,15241028,0
AthlncRNA345,15233167,0
AthlncRNA23,15233167,0
AthlncRNA246,15233167,0
AthlncRNA113,15233167,0
AthlncRNA269,15234010,0
AthlncRNA332,22328624,0
AthlncRNA320,22328624,0
AthlncRNA109,15233167,0
AthlncRNA253,22328624,0
AthlncRNA98,15233167,0
AthlncRNA113,22328624,0
AthlncRNA300,15241028,0
AthlncRNA269,15227722,0
AthlncRNA269,30678085,0
AthlncRNA299,15233167,0
AthlncRNA113,30682553,0
AthlncRNA113,42571149,0
AthlncRNA78,22328624,0
AthlncRNA113,30678085,0
AthlncRNA113,15227722,0
AthlncRNA141,15233167,0
AthlncRNA300,15233167,0
AthlncRNA2,15241028,0
AthlncRNA113,15226605,0
AthlncRNA340,18400210,0
AthlncRNA113,15229743,0
AthlncRNA345,15221761,0
AthlncRNA300,15229743,0
AthlncRNA340,15221761,0
AthlncRNA199,22328624,0
AthlncRNA320,15233167,0
AthlncRNA345,18400210,0
AthlncRNA14,15233167,0
AthlncRNA270,15224217,0
AthlncRNA269,15224366,0
AthlncRNA113,15234010,0
AthlncRNA332,15233167,0
AthlncRNA345,15234010,0
AthlncRNA14,22328624,0
AthlncRNA14,15229743,0
AthlncRNA324,15233167,0
AthlncRNA2,15233167,0
AthlncRNA199,15233167,0
AthlncRNA270,15218779,0
AthlncRNA270,79320777,0
AthlncRNA345,15229743,0
AthlncRNA342,15233167,0
AthlncRNA269,15223768,0
AthlncRNA270,30678085,0
AthlncRNA270,15227722,0
AthlncRNA270,15234010,0
AthlncRNA270,15224366,0
AthlncRNA270,15223768,0
